"SpeciesChecked","Taxa","LifeSpan","Database","Field","Unit","phylum","class","order","family","genus","species"
"Accipiter cooperii","Accipiter cooperii","20.33333333","amphibio","maximum_longevity_y","yrs","Chordata","Aves","Accipitriformes","Accipitridae","Accipiter","Accipiter cooperii"
"Accipiter gentilis","Accipiter gentilis","22","amphibio","maximum_longevity_y","yrs","Chordata","Aves","Accipitriformes","Accipitridae","Accipiter","Accipiter gentilis"
"Accipiter nisus","Accipiter nisus","20.25","amphibio","maximum_longevity_y","yrs","Chordata","Aves","Accipitriformes","Accipitridae","Accipiter","Accipiter nisus"
"Aquila chrysaetos","Aquila chrysaetos","48","amphibio","maximum_longevity_y","yrs","Chordata","Aves","Accipitriformes","Accipitridae","Aquila","Aquila chrysaetos"
"Buteo buteo","Buteo buteo","28.8","amphibio","maximum_longevity_y","yrs","Chordata","Aves","Accipitriformes","Accipitridae","Buteo","Buteo buteo"
"Buteo jamaicensis","Buteo jamaicensis","30.66666667","amphibio","maximum_longevity_y","yrs","Chordata","Aves","Accipitriformes","Accipitridae","Buteo","Buteo jamaicensis"
"Buteo lineatus","Buteo lineatus","22.41666667","amphibio","maximum_longevity_y","yrs","Chordata","Aves","Accipitriformes","Accipitridae","Buteo","Buteo lineatus"
"Buteo regalis","Buteo regalis","23.7","amphibio","maximum_longevity_y","yrs","Chordata","Aves","Accipitriformes","Accipitridae","Buteo","Buteo regalis"
"Circus cyaneus","Circus cyaneus","17.1","amphibio","maximum_longevity_y","yrs","Chordata","Aves","Accipitriformes","Accipitridae","Circus","Circus cyaneus"
"Circus cyaneus","Circus hudsonius","17.1","amphibio","maximum_longevity_y","yrs","Chordata","Aves","Accipitriformes","Accipitridae","Circus","Circus cyaneus"
"Elanus leucurus","Elanus leucurus","6","amphibio","maximum_longevity_y","yrs","Chordata","Aves","Accipitriformes","Accipitridae","Elanus","Elanus leucurus"
"Haliaeetus leucocephalus","Haliaeetus leucocephalus","48","amphibio","maximum_longevity_y","yrs","Chordata","Aves","Accipitriformes","Accipitridae","Haliaeetus","Haliaeetus leucocephalus"
"Parabuteo unicinctus","Parabuteo unicinctus","25","amphibio","maximum_longevity_y","yrs","Chordata","Aves","Accipitriformes","Accipitridae","Parabuteo","Parabuteo unicinctus"
"Cathartes aura","Cathartes aura","20.8","amphibio","maximum_longevity_y","yrs","Chordata","Aves","Accipitriformes","Cathartidae","Cathartes","Cathartes aura"
"Pandion haliaetus","Pandion haliaetus","32","amphibio","maximum_longevity_y","yrs","Chordata","Aves","Accipitriformes","Pandionidae","Pandion","Pandion haliaetus"
"Aix sponsa","Aix sponsa","22.5","amphibio","maximum_longevity_y","yrs","Chordata","Aves","Anseriformes","Anatidae","Aix","Aix sponsa"
"Anas acuta","Anas acuta","27.417","amphibio","maximum_longevity_y","yrs","Chordata","Aves","Anseriformes","Anatidae","Anas","Anas acuta"
"Anas platyrhynchos","Anas diazi","29.1","amphibio","maximum_longevity_y","yrs","Chordata","Aves","Anseriformes","Anatidae","Anas","Anas platyrhynchos"
"Anas fulvigula","Anas fulvigula","29.1","amphibio","maximum_longevity_y","yrs","Chordata","Aves","Anseriformes","Anatidae","Anas","Anas fulvigula"
"Anas platyrhynchos","Anas platyrhynchos","29.1","amphibio","maximum_longevity_y","yrs","Chordata","Aves","Anseriformes","Anatidae","Anas","Anas platyrhynchos"
"Aythya affinis","Aythya affinis","18.8","amphibio","maximum_longevity_y","yrs","Chordata","Aves","Anseriformes","Anatidae","Aythya","Aythya affinis"
"Branta canadensis","Branta canadensis","42","amphibio","maximum_longevity_y","yrs","Chordata","Aves","Anseriformes","Anatidae","Branta","Branta canadensis"
"Bucephala clangula","Bucephala clangula","18.41666667","amphibio","maximum_longevity_y","yrs","Chordata","Aves","Anseriformes","Anatidae","Bucephala","Bucephala clangula"
"Cygnus buccinator","Cygnus buccinator","32.5","amphibio","maximum_longevity_y","yrs","Chordata","Aves","Anseriformes","Anatidae","Cygnus","Cygnus buccinator"
"Cygnus olor","Cygnus olor","70","amphibio","maximum_longevity_y","yrs","Chordata","Aves","Anseriformes","Anatidae","Cygnus","Cygnus olor"
"Lophodytes cucullatus","Lophodytes cucullatus","14.5","amphibio","maximum_longevity_y","yrs","Chordata","Aves","Anseriformes","Anatidae","Lophodytes","Lophodytes cucullatus"
"Melanitta fusca","Melanitta deglandi","21.41666667","amphibio","maximum_longevity_y","yrs","Chordata","Aves","Anseriformes","Anatidae","Melanitta","Melanitta fusca"
"Melanitta fusca","Melanitta fusca","21.41666667","amphibio","maximum_longevity_y","yrs","Chordata","Aves","Anseriformes","Anatidae","Melanitta","Melanitta fusca"
"Lophodytes cucullatus","Mergus cucullatus","11.25","amphibio","maximum_longevity_y","yrs","Chordata","Aves","Anseriformes","Anatidae","Lophodytes","Lophodytes cucullatus"
"Mergus merganser","Mergus merganser","14.83333333","amphibio","maximum_longevity_y","yrs","Chordata","Aves","Anseriformes","Anatidae","Mergus","Mergus merganser"
"Apus apus","Apus apus","21.08333333","amphibio","maximum_longevity_y","yrs","Chordata","Aves","Apodiformes","Apodidae","Apus","Apus apus"
"Alca torda","Alca torda","42","amphibio","maximum_longevity_y","yrs","Chordata","Aves","Charadriiformes","Alcidae","Alca","Alca torda"
"Uria aalge","Uria aalge","42.83333333","amphibio","maximum_longevity_y","yrs","Chordata","Aves","Charadriiformes","Alcidae","Uria","Uria aalge"
"Chlidonias niger","Chlidonias niger","21","amphibio","maximum_longevity_y","yrs","Chordata","Aves","Charadriiformes","Laridae","Chlidonias","Chlidonias niger"
"Chroicocephalus ridibundus","Chroicocephalus ridibundus","63","amphibio","maximum_longevity_y","yrs","Chordata","Aves","Charadriiformes","Laridae","Chroicocephalus","Chroicocephalus ridibundus"
"Hydroprogne caspia","Hydroprogne caspia","30","amphibio","maximum_longevity_y","yrs","Chordata","Aves","Charadriiformes","Laridae","Hydroprogne","Hydroprogne caspia"
"Larus californicus","Larus californicus","30","amphibio","maximum_longevity_y","yrs","Chordata","Aves","Charadriiformes","Laridae","Larus","Larus californicus"
"Larus canus","Larus canus","33.7","amphibio","maximum_longevity_y","yrs","Chordata","Aves","Charadriiformes","Laridae","Larus","Larus canus"
"Larus delawarensis","Larus delawarensis","31.8","amphibio","maximum_longevity_y","yrs","Chordata","Aves","Charadriiformes","Laridae","Larus","Larus delawarensis"
"Larus fuscus","Larus fuscus","49","amphibio","maximum_longevity_y","yrs","Chordata","Aves","Charadriiformes","Laridae","Larus","Larus fuscus"
"Larus marinus","Larus marinus","29.16666667","amphibio","maximum_longevity_y","yrs","Chordata","Aves","Charadriiformes","Laridae","Larus","Larus marinus"
"Rissa tridactyla","Rissa tridactyla","28.5","amphibio","maximum_longevity_y","yrs","Chordata","Aves","Charadriiformes","Laridae","Rissa","Rissa tridactyla"
"Sterna dougallii","Sterna dougallii","25.7","amphibio","maximum_longevity_y","yrs","Chordata","Aves","Charadriiformes","Laridae","Sterna","Sterna dougallii"
"Sterna paradisaea","Sterna paradisaea","34","amphibio","maximum_longevity_y","yrs","Chordata","Aves","Charadriiformes","Laridae","Sterna","Sterna paradisaea"
"Actitis macularius","Actitis macularius","12","amphibio","maximum_longevity_y","yrs","Chordata","Aves","Charadriiformes","Scolopacidae","Actitis","Actitis macularius"
"Numenius phaeopus","Numenius phaeopus","16.1","amphibio","maximum_longevity_y","yrs","Chordata","Aves","Charadriiformes","Scolopacidae","Numenius","Numenius phaeopus"
"Scolopax minor","Scolopax minor","20.9","amphibio","maximum_longevity_y","yrs","Chordata","Aves","Charadriiformes","Scolopacidae","Scolopax","Scolopax minor"
"Mycteria americana","Mycteria americana","27","amphibio","maximum_longevity_y","yrs","Chordata","Aves","Ciconiiformes","Ciconiidae","Mycteria","Mycteria americana"
"Columba oenas","Columba oenas","12.6","amphibio","maximum_longevity_y","yrs","Chordata","Aves","Columbiformes","Columbidae","Columba","Columba oenas"
"Columba palumbus","Columba palumbus","17.66666667","amphibio","maximum_longevity_y","yrs","Chordata","Aves","Columbiformes","Columbidae","Columba","Columba palumbus"
"Streptopelia decaocto","Streptopelia decaocto","17.9","amphibio","maximum_longevity_y","yrs","Chordata","Aves","Columbiformes","Columbidae","Streptopelia","Streptopelia decaocto"
"Streptopelia turtur","Streptopelia turtur","13.2","amphibio","maximum_longevity_y","yrs","Chordata","Aves","Columbiformes","Columbidae","Streptopelia","Streptopelia turtur"
"Zenaida macroura","Zenaida macroura","31.33333333","amphibio","maximum_longevity_y","yrs","Chordata","Aves","Columbiformes","Columbidae","Zenaida","Zenaida macroura"
"Alcedo atthis","Alcedo atthis","21","amphibio","maximum_longevity_y","yrs","Chordata","Aves","Coraciiformes","Alcedinidae","Alcedo","Alcedo atthis"
"Falco columbarius","Falco columbarius","16","amphibio","maximum_longevity_y","yrs","Chordata","Aves","Falconiformes","Falconidae","Falco","Falco columbarius"
"Falco mexicanus","Falco mexicanus","20","amphibio","maximum_longevity_y","yrs","Chordata","Aves","Falconiformes","Falconidae","Falco","Falco mexicanus"
"Falco peregrinus","Falco peregrinus","25","amphibio","maximum_longevity_y","yrs","Chordata","Aves","Falconiformes","Falconidae","Falco","Falco peregrinus"
"Falco sparverius","Falco sparverius","17","amphibio","maximum_longevity_y","yrs","Chordata","Aves","Falconiformes","Falconidae","Falco","Falco sparverius"
"Falco tinnunculus","Falco tinnunculus","23.834","amphibio","maximum_longevity_y","yrs","Chordata","Aves","Falconiformes","Falconidae","Falco","Falco tinnunculus"
"Lagopus lagopus","Lagopus lagopus","9","amphibio","maximum_longevity_y","yrs","Chordata","Aves","Galliformes","Phasianidae","Lagopus","Lagopus lagopus"
"Meleagris gallopavo","Meleagris gallopavo","13","amphibio","maximum_longevity_y","yrs","Chordata","Aves","Galliformes","Phasianidae","Meleagris","Meleagris gallopavo"
"Tetrastes bonasia","Tetrastes bonasia","7.25","amphibio","maximum_longevity_y","yrs","Chordata","Aves","Galliformes","Phasianidae","Tetrastes","Tetrastes bonasia"
"Tympanuchus cupido","Tympanuchus cupido","13.5","amphibio","maximum_longevity_y","yrs","Chordata","Aves","Galliformes","Phasianidae","Tympanuchus","Tympanuchus cupido"
"Gavia immer","Gavia immer","24.08333333","amphibio","maximum_longevity_y","yrs","Chordata","Aves","Gaviiformes","Gaviidae","Gavia","Gavia immer"
"Fulica atra","Fulica atra","32.3","amphibio","maximum_longevity_y","yrs","Chordata","Aves","Gruiformes","Rallidae","Fulica","Fulica atra"
"Gallinula chloropus","Gallinula chloropus","18.6","amphibio","maximum_longevity_y","yrs","Chordata","Aves","Gruiformes","Rallidae","Gallinula","Gallinula chloropus"
"Gallinula chloropus","Gallinula galeata","18.6","amphibio","maximum_longevity_y","yrs","Chordata","Aves","Gruiformes","Rallidae","Gallinula","Gallinula chloropus"
"Acrocephalus schoenobaenus","Acrocephalus schoenobaenus","11.83333333","amphibio","maximum_longevity_y","yrs","Chordata","Aves","Passeriformes","Sylviidae","Acrocephalus","Acrocephalus schoenobaenus"
"Acrocephalus scirpaceus","Acrocephalus scirpaceus","14","amphibio","maximum_longevity_y","yrs","Chordata","Aves","Passeriformes","Sylviidae","Acrocephalus","Acrocephalus scirpaceus"
"Aegithalos caudatus","Aegithalos caudatus","11.1","amphibio","maximum_longevity_y","yrs","Chordata","Aves","Passeriformes","Aegithalidae","Aegithalos","Aegithalos caudatus"
"Alauda arvensis","Alauda arvensis","10.1","amphibio","maximum_longevity_y","yrs","Chordata","Aves","Passeriformes","Alaudidae","Alauda","Alauda arvensis"
"Passerina cyanea","Passerina cyanea","11","amphibio","maximum_longevity_y","yrs","Chordata","Aves","Passeriformes","Fringillidae","Passerina","Passerina cyanea"
"Cinclus cinclus","Cinclus cinclus","10.6","amphibio","maximum_longevity_y","yrs","Chordata","Aves","Passeriformes","Cinclidae","Cinclus","Cinclus cinclus"
"Coloeus monedula","Coloeus monedula","20.33333333","amphibio","maximum_longevity_y","yrs","Chordata","Aves","Passeriformes","Corvidae","Coloeus","Coloeus monedula"
"Corvus brachyrhynchos","Corvus brachyrhynchos","20","amphibio","maximum_longevity_y","yrs","Chordata","Aves","Passeriformes","Corvidae","Corvus","Corvus brachyrhynchos"
"Corvus corax","Corvus corax","69","amphibio","maximum_longevity_y","yrs","Chordata","Aves","Passeriformes","Corvidae","Corvus","Corvus corax"
"Corvus corone","Corvus corone","19.16666667","amphibio","maximum_longevity_y","yrs","Chordata","Aves","Passeriformes","Corvidae","Corvus","Corvus corone"
"Corvus frugilegus","Corvus frugilegus","22.91666667","amphibio","maximum_longevity_y","yrs","Chordata","Aves","Passeriformes","Corvidae","Corvus","Corvus frugilegus"
"Garrulus glandarius","Garrulus glandarius","17.91666667","amphibio","maximum_longevity_y","yrs","Chordata","Aves","Passeriformes","Corvidae","Garrulus","Garrulus glandarius"
"Gymnorhinus cyanocephalus","Gymnorhinus cyanocephalus","14.58333333","amphibio","maximum_longevity_y","yrs","Chordata","Aves","Passeriformes","Corvidae","Gymnorhinus","Gymnorhinus cyanocephalus"
"Perisoreus canadensis","Perisoreus canadensis","19.2","amphibio","maximum_longevity_y","yrs","Chordata","Aves","Passeriformes","Corvidae","Perisoreus","Perisoreus canadensis"
"Pica pica","Pica pica","21.7","amphibio","maximum_longevity_y","yrs","Chordata","Aves","Passeriformes","Corvidae","Pica","Pica pica"
"Passerculus sandwichensis","Ammodramus sandwichensis","6.916666667","amphibio","maximum_longevity_y","yrs","Chordata","Aves","Passeriformes","Passerellidae","Passerculus","Passerculus sandwichensis"
"Emberiza citrinella","Emberiza citrinella","13.25","amphibio","maximum_longevity_y","yrs","Chordata","Aves","Passeriformes","Fringillidae","Emberiza","Emberiza citrinella"
"Emberiza schoeniclus","Emberiza schoeniclus","12.25","amphibio","maximum_longevity_y","yrs","Chordata","Aves","Passeriformes","Fringillidae","Emberiza","Emberiza schoeniclus"
"Melospiza melodia","Melospiza melodia","12","amphibio","maximum_longevity_y","yrs","Chordata","Aves","Passeriformes","Passerellidae","Melospiza","Melospiza melodia"
"Passerculus sandwichensis","Passerculus sandwichensis","6.916666667","amphibio","maximum_longevity_y","yrs","Chordata","Aves","Passeriformes","Passerellidae","Passerculus","Passerculus sandwichensis"
"Zonotrichia leucophrys","Zonotrichia leucophrys","13.34","amphibio","maximum_longevity_y","yrs","Chordata","Aves","Passeriformes","Passerellidae","Zonotrichia","Zonotrichia leucophrys"
"Acanthis flammea","Acanthis flammea","25","amphibio","maximum_longevity_y","yrs","Chordata","Aves","Passeriformes","Fringillidae","Acanthis","Acanthis flammea"
"Carduelis carduelis","Carduelis carduelis","27","amphibio","maximum_longevity_y","yrs","Chordata","Aves","Passeriformes","Fringillidae","Carduelis","Carduelis carduelis"
"Chloris chloris","Chloris chloris","13.58333333","amphibio","maximum_longevity_y","yrs","Chordata","Aves","Passeriformes","Fringillidae","Chloris","Chloris chloris"
"Fringilla coelebs","Fringilla coelebs","29","amphibio","maximum_longevity_y","yrs","Chordata","Aves","Passeriformes","Fringillidae","Fringilla","Fringilla coelebs"
"Linaria cannabina","Linaria cannabina","9.417","amphibio","maximum_longevity_y","yrs","Chordata","Aves","Passeriformes","Fringillidae","Linaria","Linaria cannabina"
"Pyrrhula pyrrhula","Pyrrhula pyrrhula","17.5","amphibio","maximum_longevity_y","yrs","Chordata","Aves","Passeriformes","Fringillidae","Pyrrhula","Pyrrhula pyrrhula"
"Delichon urbicum","Delichon urbicum","15","amphibio","maximum_longevity_y","yrs","Chordata","Aves","Passeriformes","Hirundinidae","Delichon","Delichon urbicum"
"Hirundo rustica","Hirundo rustica","16","amphibio","maximum_longevity_y","yrs","Chordata","Aves","Passeriformes","Hirundinidae","Hirundo","Hirundo rustica"
"Petrochelidon fulva","Petrochelidon fulva","24","amphibio","maximum_longevity_y","yrs","Chordata","Aves","Passeriformes","Hirundinidae","Petrochelidon","Petrochelidon fulva"
"Progne subis","Progne subis","13.8","amphibio","maximum_longevity_y","yrs","Chordata","Aves","Passeriformes","Hirundinidae","Progne","Progne subis"
"Riparia riparia","Riparia riparia","10","amphibio","maximum_longevity_y","yrs","Chordata","Aves","Passeriformes","Hirundinidae","Riparia","Riparia riparia"
"Tachycineta bicolor","Tachycineta bicolor","12.1","amphibio","maximum_longevity_y","yrs","Chordata","Aves","Passeriformes","Hirundinidae","Tachycineta","Tachycineta bicolor"
"Molothrus ater","Molothrus ater","16.91666667","amphibio","maximum_longevity_y","yrs","Chordata","Aves","Passeriformes","Icteridae","Molothrus","Molothrus ater"
"Quiscalus major","Quiscalus major","13.91666667","amphibio","maximum_longevity_y","yrs","Chordata","Aves","Passeriformes","Icteridae","Quiscalus","Quiscalus major"
"Lanius ludovicianus","Lanius ludovicianus","12.5","amphibio","maximum_longevity_y","yrs","Chordata","Aves","Passeriformes","Laniidae","Lanius","Lanius ludovicianus"
"Toxostoma curvirostre","Toxostoma curvirostre","10.8","amphibio","maximum_longevity_y","yrs","Chordata","Aves","Passeriformes","Mimidae","Toxostoma","Toxostoma curvirostre"
"Motacilla alba","Motacilla alba","13.66666667","amphibio","maximum_longevity_y","yrs","Chordata","Aves","Passeriformes","Motacillidae","Motacilla","Motacilla alba"
"Motacilla cinerea","Motacilla cinerea","8","amphibio","maximum_longevity_y","yrs","Chordata","Aves","Passeriformes","Motacillidae","Motacilla","Motacilla cinerea"
"Motacilla flava","Motacilla flava","8.834","amphibio","maximum_longevity_y","yrs","Chordata","Aves","Passeriformes","Motacillidae","Motacilla","Motacilla flava"
"Erithacus rubecula","Erithacus rubecula","19.33333333","amphibio","maximum_longevity_y","yrs","Chordata","Aves","Passeriformes","Turdidae","Erithacus","Erithacus rubecula"
"Ficedula hypoleuca","Ficedula hypoleuca","15","amphibio","maximum_longevity_y","yrs","Chordata","Aves","Passeriformes","Muscicapidae","Ficedula","Ficedula hypoleuca"
"Muscicapa striata","Muscicapa striata","11.8","amphibio","maximum_longevity_y","yrs","Chordata","Aves","Passeriformes","Muscicapidae","Muscicapa","Muscicapa striata"
"Oenanthe oenanthe","Oenanthe oenanthe","10.08333333","amphibio","maximum_longevity_y","yrs","Chordata","Aves","Passeriformes","Muscicapidae","Oenanthe","Oenanthe oenanthe"
"Phoenicurus phoenicurus","Phoenicurus phoenicurus","10.25","amphibio","maximum_longevity_y","yrs","Chordata","Aves","Passeriformes","Muscicapidae","Phoenicurus","Phoenicurus phoenicurus"
"Cyanistes caeruleus","Cyanistes caeruleus","14.6","amphibio","maximum_longevity_y","yrs","Chordata","Aves","Passeriformes","Paridae","Cyanistes","Cyanistes caeruleus"
"Parus major","Parus major","15.417","amphibio","maximum_longevity_y","yrs","Chordata","Aves","Passeriformes","Paridae","Parus","Parus major"
"Periparus ater","Periparus ater","9.5","amphibio","maximum_longevity_y","yrs","Chordata","Aves","Passeriformes","Paridae","Periparus","Periparus ater"
"Poecile atricapillus","Poecile atricapillus","12.41666667","amphibio","maximum_longevity_y","yrs","Chordata","Aves","Passeriformes","Paridae","Poecile","Poecile atricapillus"
"Poecile palustris","Poecile palustris","11.91666667","amphibio","maximum_longevity_y","yrs","Chordata","Aves","Passeriformes","Paridae","Poecile","Poecile palustris"
"Parkesia motacilla","Parkesia motacilla","11.91666667","amphibio","maximum_longevity_y","yrs","Chordata","Aves","Passeriformes","Parulidae","Parkesia","Parkesia motacilla"
"Passer domesticus","Passer domesticus","23","amphibio","maximum_longevity_y","yrs","Chordata","Aves","Passeriformes","Passeridae","Passer","Passer domesticus"
"Passer montanus","Passer montanus","13.1","amphibio","maximum_longevity_y","yrs","Chordata","Aves","Passeriformes","Passeridae","Passer","Passer montanus"
"Phylloscopus trochilus","Phylloscopus trochilus","11.8","amphibio","maximum_longevity_y","yrs","Chordata","Aves","Passeriformes","Phylloscopidae","Phylloscopus","Phylloscopus trochilus"
"Prunella modularis","Prunella modularis","20.83333333","amphibio","maximum_longevity_y","yrs","Chordata","Aves","Passeriformes","Passeridae","Prunella","Prunella modularis"
"Sitta europaea","Sitta europaea","12.917","amphibio","maximum_longevity_y","yrs","Chordata","Aves","Passeriformes","Sittidae","Sitta","Sitta europaea"
"Sitta pusilla","Sitta pusilla","5.8","amphibio","maximum_longevity_y","yrs","Chordata","Aves","Passeriformes","Sittidae","Sitta","Sitta pusilla"
"Sturnus vulgaris","Sturnus vulgaris","22.91666667","amphibio","maximum_longevity_y","yrs","Chordata","Aves","Passeriformes","Sturnidae","Sturnus","Sturnus vulgaris"
"Sylvia atricapilla","Sylvia atricapilla","13.83333333","amphibio","maximum_longevity_y","yrs","Chordata","Aves","Passeriformes","Sylviidae","Sylvia","Sylvia atricapilla"
"Sylvia communis","Sylvia communis","8.916666667","amphibio","maximum_longevity_y","yrs","Chordata","Aves","Passeriformes","Sylviidae","Sylvia","Sylvia communis"
"Campylorhynchus brunneicapillus","Campylorhynchus brunneicapillus","7.333333333","amphibio","maximum_longevity_y","yrs","Chordata","Aves","Passeriformes","Certhiidae","Campylorhynchus","Campylorhynchus brunneicapillus"
"Troglodytes aedon","Troglodytes aedon","9","amphibio","maximum_longevity_y","yrs","Chordata","Aves","Passeriformes","Certhiidae","Troglodytes","Troglodytes aedon"
"Troglodytes troglodytes","Troglodytes troglodytes","7","amphibio","maximum_longevity_y","yrs","Chordata","Aves","Passeriformes","Certhiidae","Troglodytes","Troglodytes troglodytes"
"Hylocichla mustelina","Hylocichla mustelina","10.16666667","amphibio","maximum_longevity_y","yrs","Chordata","Aves","Passeriformes","Turdidae","Hylocichla","Hylocichla mustelina"
"Sialia currucoides","Sialia currucoides","9","amphibio","maximum_longevity_y","yrs","Chordata","Aves","Passeriformes","Turdidae","Sialia","Sialia currucoides"
"Sialia mexicana","Sialia mexicana","8.666666667","amphibio","maximum_longevity_y","yrs","Chordata","Aves","Passeriformes","Turdidae","Sialia","Sialia mexicana"
"Sialia sialis","Sialia sialis","10.5","amphibio","maximum_longevity_y","yrs","Chordata","Aves","Passeriformes","Turdidae","Sialia","Sialia sialis"
"Turdus merula","Turdus merula","21.83333333","amphibio","maximum_longevity_y","yrs","Chordata","Aves","Passeriformes","Turdidae","Turdus","Turdus merula"
"Turdus philomelos","Turdus philomelos","17.7","amphibio","maximum_longevity_y","yrs","Chordata","Aves","Passeriformes","Turdidae","Turdus","Turdus philomelos"
"Turdus viscivorus","Turdus viscivorus","21.25","amphibio","maximum_longevity_y","yrs","Chordata","Aves","Passeriformes","Turdidae","Turdus","Turdus viscivorus"
"Myiarchus cinerascens","Myiarchus cinerascens","11.91666667","amphibio","maximum_longevity_y","yrs","Chordata","Aves","Passeriformes","Tyrannidae","Myiarchus","Myiarchus cinerascens"
"Sayornis nigricans","Sayornis nigricans","8","amphibio","maximum_longevity_y","yrs","Chordata","Aves","Passeriformes","Tyrannidae","Sayornis","Sayornis nigricans"
"Vireo griseus","Vireo griseus","10.91666667","amphibio","maximum_longevity_y","yrs","Chordata","Aves","Passeriformes","Vireonidae","Vireo","Vireo griseus"
"Ardea alba","Ardea alba","22.834","amphibio","maximum_longevity_y","yrs","Chordata","Aves","Pelecaniformes","Ardeidae","Ardea","Ardea alba"
"Ardea cinerea","Ardea cinerea","37.5","amphibio","maximum_longevity_y","yrs","Chordata","Aves","Pelecaniformes","Ardeidae","Ardea","Ardea cinerea"
"Egretta thula","Egretta thula","22.834","amphibio","maximum_longevity_y","yrs","Chordata","Aves","Pelecaniformes","Ardeidae","Egretta","Egretta thula"
"Nycticorax nycticorax","Nycticorax nycticorax","21.1","amphibio","maximum_longevity_y","yrs","Chordata","Aves","Pelecaniformes","Ardeidae","Nycticorax","Nycticorax nycticorax"
"Pelecanus erythrorhynchos","Pelecanus erythrorhynchos","54","amphibio","maximum_longevity_y","yrs","Chordata","Aves","Pelecaniformes","Pelecanidae","Pelecanus","Pelecanus erythrorhynchos"
"Eudocimus albus","Eudocimus albus","27.6","amphibio","maximum_longevity_y","yrs","Chordata","Aves","Pelecaniformes","Threskiornithidae","Eudocimus","Eudocimus albus"
"Plegadis chihi","Plegadis chihi","20.4","amphibio","maximum_longevity_y","yrs","Chordata","Aves","Pelecaniformes","Threskiornithidae","Plegadis","Plegadis chihi"
"Plegadis falcinellus","Plegadis falcinellus","26.8","amphibio","maximum_longevity_y","yrs","Chordata","Aves","Pelecaniformes","Threskiornithidae","Plegadis","Plegadis falcinellus"
"Dendrocopos major","Dendrocopos major","12.7","amphibio","maximum_longevity_y","yrs","Chordata","Aves","Piciformes","Picidae","Dendrocopos","Dendrocopos major"
"Dryocopus pileatus","Dryocopus pileatus","13","amphibio","maximum_longevity_y","yrs","Chordata","Aves","Piciformes","Picidae","Dryocopus","Dryocopus pileatus"
"Picus viridis","Picus viridis","15.2","amphibio","maximum_longevity_y","yrs","Chordata","Aves","Piciformes","Picidae","Picus","Picus viridis"
"Aegolius funereus","Aegolius funereus","15.9","amphibio","maximum_longevity_y","yrs","Chordata","Aves","Strigiformes","Strigidae","Aegolius","Aegolius funereus"
"Asio otus","Asio otus","27.8","amphibio","maximum_longevity_y","yrs","Chordata","Aves","Strigiformes","Strigidae","Asio","Asio otus"
"Athene cunicularia","Athene cunicularia","11","amphibio","maximum_longevity_y","yrs","Chordata","Aves","Strigiformes","Strigidae","Athene","Athene cunicularia"
"Bubo virginianus","Bubo virginianus","29","amphibio","maximum_longevity_y","yrs","Chordata","Aves","Strigiformes","Strigidae","Bubo","Bubo virginianus"
"Megascops asio","Megascops asio","20.7","amphibio","maximum_longevity_y","yrs","Chordata","Aves","Strigiformes","Strigidae","Megascops","Megascops asio"
"Strix aluco","Strix aluco","22.41666667","amphibio","maximum_longevity_y","yrs","Chordata","Aves","Strigiformes","Strigidae","Strix","Strix aluco"
"Strix nebulosa","Strix nebulosa","27","amphibio","maximum_longevity_y","yrs","Chordata","Aves","Strigiformes","Strigidae","Strix","Strix nebulosa"
"Strix varia","Strix varia","24","amphibio","maximum_longevity_y","yrs","Chordata","Aves","Strigiformes","Strigidae","Strix","Strix varia"
"Tyto alba","Tyto alba","34","amphibio","maximum_longevity_y","yrs","Chordata","Aves","Strigiformes","Tytonidae","Tyto","Tyto alba"
"Morus bassanus","Morus bassanus","37.417","amphibio","maximum_longevity_y","yrs","Chordata","Aves","Pelecaniformes","Sulidae","Morus","Morus bassanus"
"Aepyceros melampus","Aepyceros melampus","25.6","amphibio","maximum_longevity_y","yrs","Chordata","Mammalia","Artiodactyla","Bovidae","Aepyceros","Aepyceros melampus"
"Rupicapra rupicapra","Rupicapra rupicapra","22","amphibio","maximum_longevity_y","yrs","Chordata","Mammalia","Artiodactyla","Bovidae","Rupicapra","Rupicapra rupicapra"
"Syncerus caffer","Syncerus caffer","29.8","amphibio","maximum_longevity_y","yrs","Chordata","Mammalia","Artiodactyla","Bovidae","Syncerus","Syncerus caffer"
"Alces alces","Alces alces","27","amphibio","maximum_longevity_y","yrs","Chordata","Mammalia","Artiodactyla","Cervidae","Alces","Alces alces"
"Capreolus capreolus","Capreolus capreolus","17.5","amphibio","maximum_longevity_y","yrs","Chordata","Mammalia","Artiodactyla","Cervidae","Capreolus","Capreolus capreolus"
"Cervus elaphus","Cervus elaphus","31.5","amphibio","maximum_longevity_y","yrs","Chordata","Mammalia","Artiodactyla","Cervidae","Cervus","Cervus elaphus"
"Procyon lotor","Procyon lotor","21","amphibio","maximum_longevity_y","yrs","Chordata","Mammalia","Carnivora","Procyonidae","Procyon","Procyon lotor"
"Didelphis virginiana","Didelphis virginiana","7","amphibio","maximum_longevity_y","yrs","Chordata","Mammalia","Didelphimorphia","Didelphidae","Didelphis","Didelphis virginiana"
"Trichosurus vulpecula","Trichosurus vulpecula","15.9","amphibio","maximum_longevity_y","yrs","Chordata","Mammalia","Diprotodontia","Phalangeridae","Trichosurus","Trichosurus vulpecula"
"Phascolarctos cinereus","Phascolarctos cinereus","22.1","amphibio","maximum_longevity_y","yrs","Chordata","Mammalia","Diprotodontia","Phascolarctidae","Phascolarctos","Phascolarctos cinereus"
"Brachylagus idahoensis","Brachylagus idahoensis","4.325","amphibio","maximum_longevity_y","yrs","Chordata","Mammalia","Lagomorpha","Leporidae","Brachylagus","Brachylagus idahoensis"
"Lepus americanus","Lepus americanus","8","amphibio","maximum_longevity_y","yrs","Chordata","Mammalia","Lagomorpha","Leporidae","Lepus","Lepus americanus"
"Ochotona princeps","Ochotona princeps","7.316666667","amphibio","maximum_longevity_y","yrs","Chordata","Mammalia","Lagomorpha","Ochotonidae","Ochotona","Ochotona princeps"
"Microtus californicus","Microtus californicus","2.083333333","amphibio","maximum_longevity_y","yrs","Chordata","Mammalia","Rodentia","Cricetidae","Microtus","Microtus californicus"
"Microtus oeconomus","Microtus oeconomus","2.166666667","amphibio","maximum_longevity_y","yrs","Chordata","Mammalia","Rodentia","Cricetidae","Microtus","Microtus oeconomus"
"Microtus pennsylvanicus","Microtus pennsylvanicus","2.908333333","amphibio","maximum_longevity_y","yrs","Chordata","Mammalia","Rodentia","Cricetidae","Microtus","Microtus pennsylvanicus"
"Myodes gapperi","Myodes gapperi","2.408333333","amphibio","maximum_longevity_y","yrs","Chordata","Mammalia","Rodentia","Cricetidae","Myodes","Myodes gapperi"
"Neotoma cinerea","Neotoma cinerea","5.825","amphibio","maximum_longevity_y","yrs","Chordata","Mammalia","Rodentia","Cricetidae","Neotoma","Neotoma cinerea"
"Peromyscus leucopus","Peromyscus leucopus","8","amphibio","maximum_longevity_y","yrs","Chordata","Mammalia","Rodentia","Cricetidae","Peromyscus","Peromyscus leucopus"
"Peromyscus maniculatus","Peromyscus maniculatus","8.333333333","amphibio","maximum_longevity_y","yrs","Chordata","Mammalia","Rodentia","Cricetidae","Peromyscus","Peromyscus maniculatus"
"Reithrodontomys megalotis","Reithrodontomys megalotis","3.575","amphibio","maximum_longevity_y","yrs","Chordata","Mammalia","Rodentia","Cricetidae","Reithrodontomys","Reithrodontomys megalotis"
"Napaeozapus insignis","Napaeozapus insignis","4","amphibio","maximum_longevity_y","yrs","Chordata","Mammalia","Rodentia","Dipodidae","Napaeozapus","Napaeozapus insignis"
"Thomomys bottae","Thomomys bottae","6.1","amphibio","maximum_longevity_y","yrs","Chordata","Mammalia","Rodentia","Geomyidae","Thomomys","Thomomys bottae"
"Perognathus parvus","Perognathus parvus","5.8","amphibio","maximum_longevity_y","yrs","Chordata","Mammalia","Rodentia","Heteromyidae","Perognathus","Perognathus parvus"
"Marmota flaviventris","Marmota flaviventris","21.2","amphibio","maximum_longevity_y","yrs","Chordata","Mammalia","Rodentia","Sciuridae","Marmota","Marmota flaviventris"
"Otospermophilus beecheyi","Spermophilus beecheyi","5.408333333","amphibio","maximum_longevity_y","yrs","Chordata","Mammalia","Rodentia","Sciuridae","Otospermophilus","Otospermophilus beecheyi"
"Urocitellus beldingi","Spermophilus beldingi","11","amphibio","maximum_longevity_y","yrs","Chordata","Mammalia","Rodentia","Sciuridae","Urocitellus","Urocitellus beldingi"
"Tamias amoenus","Tamias amoenus","5.166666667","amphibio","maximum_longevity_y","yrs","Chordata","Mammalia","Rodentia","Sciuridae","Tamias","Tamias amoenus"
"Tamias striatus","Tamias striatus","9.5","amphibio","maximum_longevity_y","yrs","Chordata","Mammalia","Rodentia","Sciuridae","Tamias","Tamias striatus"
"Coronella austriaca","Coronella austriaca","1.3","amphibio","maximum_longevity_y","yrs","Chordata","Lepidosauria","Squamata","Colubridae","Coronella","Coronella austriaca"
"Zootoca vivipara","Zootoca vivipara","4.991666667","amphibio","maximum_longevity_y","yrs","Chordata","Lepidosauria","Squamata","Lacertidae","Zootoca","Zootoca vivipara"
"Natrix natrix","Natrix natrix","20","amphibio","maximum_longevity_y","yrs","Chordata","Lepidosauria","Squamata","Colubridae","Natrix","Natrix natrix"
"Vipera berus","Vipera berus","19","amphibio","maximum_longevity_y","yrs","Chordata","Lepidosauria","Squamata","Viperidae","Vipera","Vipera berus"
"Leuconotopicus borealis","Picoides borealis","16.1","amphibio","maximum_longevity_y","yrs","Chordata","Aves","Piciformes","Picidae","Picoides","Picoides borealis"
"Alytes obstetricans","Alytes obstetricans","55","amphibio","Longevity_max_y","yrs","Chordata","Amphibia","Anura","Alytidae","Alytes","Alytes obstetricans"
"Epidalea calamita","Epidalea calamita","100","amphibio","Longevity_max_y","yrs","Chordata","Amphibia","Anura","Bufonidae","Epidalea","Epidalea calamita"
"Eleutherodactylus coqui","Eleutherodactylus coqui","52","amphibio","Longevity_max_y","yrs","Chordata","Amphibia","Anura","Eleutherodactylidae","Eleutherodactylus","Eleutherodactylus coqui"
"Xenopus laevis","Xenopus laevis","147","amphibio","Longevity_max_y","yrs","Chordata","Amphibia","Anura","Pipidae","Xenopus","Xenopus laevis"
"Rana iberica","Rana iberica","70","amphibio","Longevity_max_y","yrs","Chordata","Amphibia","Anura","Ranidae","Rana","Rana iberica"
"Rana temporaria","Rana temporaria","110","amphibio","Longevity_max_y","yrs","Chordata","Amphibia","Anura","Ranidae","Rana","Rana temporaria"
"Plethodon glutinosus","Plethodon glutinosus","206","amphibio","Longevity_max_y","yrs","Chordata","Amphibia","Caudata","Plethodontidae","Plethodon","Plethodon glutinosus"
"Plethodon jordani","Plethodon jordani","184","amphibio","Longevity_max_y","yrs","Chordata","Amphibia","Caudata","Plethodontidae","Plethodon","Plethodon jordani"
"Calotriton asper","Calotriton asper","160","amphibio","Longevity_max_y","yrs","Chordata","Amphibia","Caudata","Salamandridae","Calotriton","Calotriton asper"
"Ichthyosaura alpestris","Ichthyosaura alpestris","87.5","amphibio","Longevity_max_y","yrs","Chordata","Amphibia","Caudata","Salamandridae","Ichthyosaura","Ichthyosaura alpestris"
"Lissotriton boscai","Lissotriton boscai","100","amphibio","Longevity_max_y","yrs","Chordata","Amphibia","Caudata","Salamandridae","Lissotriton","Lissotriton boscai"
"Lissotriton helveticus","Lissotriton helveticus","95","amphibio","Longevity_max_y","yrs","Chordata","Amphibia","Caudata","Salamandridae","Lissotriton","Lissotriton helveticus"
"Lissotriton vulgaris","Lissotriton vulgaris","110","amphibio","Longevity_max_y","yrs","Chordata","Amphibia","Caudata","Salamandridae","Lissotriton","Lissotriton vulgaris"
"Pleurodeles waltl","Pleurodeles waltl","300","amphibio","Longevity_max_y","yrs","Chordata","Amphibia","Caudata","Salamandridae","Pleurodeles","Pleurodeles waltl"
"Triturus cristatus","Triturus cristatus","150","amphibio","Longevity_max_y","yrs","Chordata","Amphibia","Caudata","Salamandridae","Triturus","Triturus cristatus"
"Triturus marmoratus","Triturus marmoratus","160","amphibio","Longevity_max_y","yrs","Chordata","Amphibia","Caudata","Salamandridae","Triturus","Triturus marmoratus"
"Chioglossa lusitanica","Chioglossa lusitanica","160","amphibio","Longevity_max_y","yrs","Chordata","Amphibia","Caudata","Salamandridae","Chioglossa","Chioglossa lusitanica"
"Salamandra salamandra","Salamandra salamandra","280","amphibio","Longevity_max_y","yrs","Chordata","Amphibia","Caudata","Salamandridae","Salamandra","Salamandra salamandra"
"Xenopus laevis","Xenopus laevis","30.3","anAge","Maximum.longevity..yrs.","yrs","Chordata","Amphibia","Anura","Pipidae","Xenopus","Xenopus laevis"
"Rana iberica","Rana iberica","8","anAge","Maximum.longevity..yrs.","yrs","Chordata","Amphibia","Anura","Ranidae","Rana","Rana iberica"
"Rana temporaria","Rana temporaria","27","anAge","Maximum.longevity..yrs.","yrs","Chordata","Amphibia","Anura","Ranidae","Rana","Rana temporaria"
"Plethodon glutinosus","Plethodon glutinosus","20.1","anAge","Maximum.longevity..yrs.","yrs","Chordata","Amphibia","Caudata","Plethodontidae","Plethodon","Plethodon glutinosus"
"Plethodon jordani","Plethodon jordani","19.8","anAge","Maximum.longevity..yrs.","yrs","Chordata","Amphibia","Caudata","Plethodontidae","Plethodon","Plethodon jordani"
"Calotriton asper","Calotriton asper","26","anAge","Maximum.longevity..yrs.","yrs","Chordata","Amphibia","Caudata","Salamandridae","Calotriton","Calotriton asper"
"Ichthyosaura alpestris","Ichthyosaura alpestris","15","anAge","Maximum.longevity..yrs.","yrs","Chordata","Amphibia","Caudata","Salamandridae","Ichthyosaura","Ichthyosaura alpestris"
"Lissotriton boscai","Lissotriton boscai","8","anAge","Maximum.longevity..yrs.","yrs","Chordata","Amphibia","Caudata","Salamandridae","Lissotriton","Lissotriton boscai"
"Lissotriton vulgaris","Lissotriton vulgaris","20","anAge","Maximum.longevity..yrs.","yrs","Chordata","Amphibia","Caudata","Salamandridae","Lissotriton","Lissotriton vulgaris"
"Pleurodeles waltl","Pleurodeles waltl","19.5","anAge","Maximum.longevity..yrs.","yrs","Chordata","Amphibia","Caudata","Salamandridae","Pleurodeles","Pleurodeles waltl"
"Salamandra salamandra","Salamandra salamandra","24","anAge","Maximum.longevity..yrs.","yrs","Chordata","Amphibia","Caudata","Salamandridae","Salamandra","Salamandra salamandra"
"Triturus cristatus","Triturus cristatus","28","anAge","Maximum.longevity..yrs.","yrs","Chordata","Amphibia","Caudata","Salamandridae","Triturus","Triturus cristatus"
"Triturus marmoratus","Triturus marmoratus","25","anAge","Maximum.longevity..yrs.","yrs","Chordata","Amphibia","Caudata","Salamandridae","Triturus","Triturus marmoratus"
"Accipiter cooperii","Accipiter cooperii","20.3","anAge","Maximum.longevity..yrs.","yrs","Chordata","Aves","Accipitriformes","Accipitridae","Accipiter","Accipiter cooperii"
"Accipiter gentilis","Accipiter gentilis","22","anAge","Maximum.longevity..yrs.","yrs","Chordata","Aves","Accipitriformes","Accipitridae","Accipiter","Accipiter gentilis"
"Accipiter nisus","Accipiter nisus","20.2","anAge","Maximum.longevity..yrs.","yrs","Chordata","Aves","Accipitriformes","Accipitridae","Accipiter","Accipiter nisus"
"Aquila chrysaetos","Aquila chrysaetos","48","anAge","Maximum.longevity..yrs.","yrs","Chordata","Aves","Accipitriformes","Accipitridae","Aquila","Aquila chrysaetos"
"Buteo buteo","Buteo buteo","28.8","anAge","Maximum.longevity..yrs.","yrs","Chordata","Aves","Accipitriformes","Accipitridae","Buteo","Buteo buteo"
"Buteo jamaicensis","Buteo jamaicensis","30.7","anAge","Maximum.longevity..yrs.","yrs","Chordata","Aves","Accipitriformes","Accipitridae","Buteo","Buteo jamaicensis"
"Buteo lineatus","Buteo lineatus","22.4","anAge","Maximum.longevity..yrs.","yrs","Chordata","Aves","Accipitriformes","Accipitridae","Buteo","Buteo lineatus"
"Buteo regalis","Buteo regalis","23.7","anAge","Maximum.longevity..yrs.","yrs","Chordata","Aves","Accipitriformes","Accipitridae","Buteo","Buteo regalis"
"Circus cyaneus","Circus cyaneus","17.1","anAge","Maximum.longevity..yrs.","yrs","Chordata","Aves","Accipitriformes","Accipitridae","Circus","Circus cyaneus"
"Elanus leucurus","Elanus leucurus","6","anAge","Maximum.longevity..yrs.","yrs","Chordata","Aves","Accipitriformes","Accipitridae","Elanus","Elanus leucurus"
"Haliaeetus leucocephalus","Haliaeetus leucocephalus","48","anAge","Maximum.longevity..yrs.","yrs","Chordata","Aves","Accipitriformes","Accipitridae","Haliaeetus","Haliaeetus leucocephalus"
"Parabuteo unicinctus","Parabuteo unicinctus","25","anAge","Maximum.longevity..yrs.","yrs","Chordata","Aves","Accipitriformes","Accipitridae","Parabuteo","Parabuteo unicinctus"
"Cathartes aura","Cathartes aura","20.8","anAge","Maximum.longevity..yrs.","yrs","Chordata","Aves","Accipitriformes","Cathartidae","Cathartes","Cathartes aura"
"Pandion haliaetus","Pandion haliaetus","32","anAge","Maximum.longevity..yrs.","yrs","Chordata","Aves","Accipitriformes","Pandionidae","Pandion","Pandion haliaetus"
"Aix sponsa","Aix sponsa","22.5","anAge","Maximum.longevity..yrs.","yrs","Chordata","Aves","Anseriformes","Anatidae","Aix","Aix sponsa"
"Anas acuta","Anas acuta","27.4","anAge","Maximum.longevity..yrs.","yrs","Chordata","Aves","Anseriformes","Anatidae","Anas","Anas acuta"
"Anas fulvigula","Anas fulvigula","20","anAge","Maximum.longevity..yrs.","yrs","Chordata","Aves","Anseriformes","Anatidae","Anas","Anas fulvigula"
"Anas platyrhynchos","Anas platyrhynchos","29.1","anAge","Maximum.longevity..yrs.","yrs","Chordata","Aves","Anseriformes","Anatidae","Anas","Anas platyrhynchos"
"Aythya affinis","Aythya affinis","18.3","anAge","Maximum.longevity..yrs.","yrs","Chordata","Aves","Anseriformes","Anatidae","Aythya","Aythya affinis"
"Branta canadensis","Branta canadensis","42","anAge","Maximum.longevity..yrs.","yrs","Chordata","Aves","Anseriformes","Anatidae","Branta","Branta canadensis"
"Bucephala clangula","Bucephala clangula","18.4","anAge","Maximum.longevity..yrs.","yrs","Chordata","Aves","Anseriformes","Anatidae","Bucephala","Bucephala clangula"
"Cygnus buccinator","Cygnus buccinator","32.5","anAge","Maximum.longevity..yrs.","yrs","Chordata","Aves","Anseriformes","Anatidae","Cygnus","Cygnus buccinator"
"Cygnus olor","Cygnus olor","70","anAge","Maximum.longevity..yrs.","yrs","Chordata","Aves","Anseriformes","Anatidae","Cygnus","Cygnus olor"
"Lophodytes cucullatus","Lophodytes cucullatus","15.7","anAge","Maximum.longevity..yrs.","yrs","Chordata","Aves","Anseriformes","Anatidae","Lophodytes","Lophodytes cucullatus"
"Melanitta fusca","Melanitta fusca","21.4","anAge","Maximum.longevity..yrs.","yrs","Chordata","Aves","Anseriformes","Anatidae","Melanitta","Melanitta fusca"
"Mergus merganser","Mergus merganser","14.8","anAge","Maximum.longevity..yrs.","yrs","Chordata","Aves","Anseriformes","Anatidae","Mergus","Mergus merganser"
"Apus apus","Apus apus","21.1","anAge","Maximum.longevity..yrs.","yrs","Chordata","Aves","Apodiformes","Apodidae","Apus","Apus apus"
"Alca torda","Alca torda","42","anAge","Maximum.longevity..yrs.","yrs","Chordata","Aves","Charadriiformes","Alcidae","Alca","Alca torda"
"Uria aalge","Uria aalge","42.8","anAge","Maximum.longevity..yrs.","yrs","Chordata","Aves","Charadriiformes","Alcidae","Uria","Uria aalge"
"Chlidonias niger","Chlidonias niger","21","anAge","Maximum.longevity..yrs.","yrs","Chordata","Aves","Charadriiformes","Laridae","Chlidonias","Chlidonias niger"
"Chroicocephalus ridibundus","Chroicocephalus ridibundus","32.9","anAge","Maximum.longevity..yrs.","yrs","Chordata","Aves","Charadriiformes","Laridae","Chroicocephalus","Chroicocephalus ridibundus"
"Hydroprogne caspia","Hydroprogne caspia","30","anAge","Maximum.longevity..yrs.","yrs","Chordata","Aves","Charadriiformes","Laridae","Hydroprogne","Hydroprogne caspia"
"Larus californicus","Larus californicus","30","anAge","Maximum.longevity..yrs.","yrs","Chordata","Aves","Charadriiformes","Laridae","Larus","Larus californicus"
"Larus canus","Larus canus","33.7","anAge","Maximum.longevity..yrs.","yrs","Chordata","Aves","Charadriiformes","Laridae","Larus","Larus canus"
"Larus delawarensis","Larus delawarensis","31.8","anAge","Maximum.longevity..yrs.","yrs","Chordata","Aves","Charadriiformes","Laridae","Larus","Larus delawarensis"
"Larus fuscus","Larus fuscus","34.9","anAge","Maximum.longevity..yrs.","yrs","Chordata","Aves","Charadriiformes","Laridae","Larus","Larus fuscus"
"Larus marinus","Larus marinus","29.2","anAge","Maximum.longevity..yrs.","yrs","Chordata","Aves","Charadriiformes","Laridae","Larus","Larus marinus"
"Rissa tridactyla","Rissa tridactyla","28.5","anAge","Maximum.longevity..yrs.","yrs","Chordata","Aves","Charadriiformes","Laridae","Rissa","Rissa tridactyla"
"Sterna dougallii","Sterna dougallii","25.7","anAge","Maximum.longevity..yrs.","yrs","Chordata","Aves","Charadriiformes","Laridae","Sterna","Sterna dougallii"
"Sterna paradisaea","Sterna paradisaea","34","anAge","Maximum.longevity..yrs.","yrs","Chordata","Aves","Charadriiformes","Laridae","Sterna","Sterna paradisaea"
"Actitis macularius","Actitis macularius","12","anAge","Maximum.longevity..yrs.","yrs","Chordata","Aves","Charadriiformes","Scolopacidae","Actitis","Actitis macularius"
"Numenius phaeopus","Numenius phaeopus","24.2","anAge","Maximum.longevity..yrs.","yrs","Chordata","Aves","Charadriiformes","Scolopacidae","Numenius","Numenius phaeopus"
"Scolopax minor","Scolopax minor","20.9","anAge","Maximum.longevity..yrs.","yrs","Chordata","Aves","Charadriiformes","Scolopacidae","Scolopax","Scolopax minor"
"Mycteria americana","Mycteria americana","27","anAge","Maximum.longevity..yrs.","yrs","Chordata","Aves","Ciconiiformes","Ciconiidae","Mycteria","Mycteria americana"
"Columba oenas","Columba oenas","12.6","anAge","Maximum.longevity..yrs.","yrs","Chordata","Aves","Columbiformes","Columbidae","Columba","Columba oenas"
"Columba palumbus","Columba palumbus","17.7","anAge","Maximum.longevity..yrs.","yrs","Chordata","Aves","Columbiformes","Columbidae","Columba","Columba palumbus"
"Streptopelia decaocto","Streptopelia decaocto","17.9","anAge","Maximum.longevity..yrs.","yrs","Chordata","Aves","Columbiformes","Columbidae","Streptopelia","Streptopelia decaocto"
"Streptopelia turtur","Streptopelia turtur","13.2","anAge","Maximum.longevity..yrs.","yrs","Chordata","Aves","Columbiformes","Columbidae","Streptopelia","Streptopelia turtur"
"Zenaida macroura","Zenaida macroura","31.3","anAge","Maximum.longevity..yrs.","yrs","Chordata","Aves","Columbiformes","Columbidae","Zenaida","Zenaida macroura"
"Alcedo atthis","Alcedo atthis","21","anAge","Maximum.longevity..yrs.","yrs","Chordata","Aves","Coraciiformes","Alcedinidae","Alcedo","Alcedo atthis"
"Falco columbarius","Falco columbarius","12.7","anAge","Maximum.longevity..yrs.","yrs","Chordata","Aves","Falconiformes","Falconidae","Falco","Falco columbarius"
"Falco mexicanus","Falco mexicanus","17.2","anAge","Maximum.longevity..yrs.","yrs","Chordata","Aves","Falconiformes","Falconidae","Falco","Falco mexicanus"
"Falco peregrinus","Falco peregrinus","25","anAge","Maximum.longevity..yrs.","yrs","Chordata","Aves","Falconiformes","Falconidae","Falco","Falco peregrinus"
"Falco sparverius","Falco sparverius","17","anAge","Maximum.longevity..yrs.","yrs","Chordata","Aves","Falconiformes","Falconidae","Falco","Falco sparverius"
"Falco tinnunculus","Falco tinnunculus","23.8","anAge","Maximum.longevity..yrs.","yrs","Chordata","Aves","Falconiformes","Falconidae","Falco","Falco tinnunculus"
"Lagopus lagopus","Lagopus lagopus","9","anAge","Maximum.longevity..yrs.","yrs","Chordata","Aves","Galliformes","Phasianidae","Lagopus","Lagopus lagopus"
"Meleagris gallopavo","Meleagris gallopavo","13","anAge","Maximum.longevity..yrs.","yrs","Chordata","Aves","Galliformes","Phasianidae","Meleagris","Meleagris gallopavo"
"Tetrastes bonasia","Tetrastes bonasia","7.2","anAge","Maximum.longevity..yrs.","yrs","Chordata","Aves","Galliformes","Phasianidae","Tetrastes","Tetrastes bonasia"
"Tympanuchus cupido","Tympanuchus cupido","5","anAge","Maximum.longevity..yrs.","yrs","Chordata","Aves","Galliformes","Phasianidae","Tympanuchus","Tympanuchus cupido"
"Gavia immer","Gavia immer","24.1","anAge","Maximum.longevity..yrs.","yrs","Chordata","Aves","Gaviiformes","Gaviidae","Gavia","Gavia immer"
"Fulica atra","Fulica atra","20.6","anAge","Maximum.longevity..yrs.","yrs","Chordata","Aves","Gruiformes","Rallidae","Fulica","Fulica atra"
"Gallinula chloropus","Gallinula chloropus","18.6","anAge","Maximum.longevity..yrs.","yrs","Chordata","Aves","Gruiformes","Rallidae","Gallinula","Gallinula chloropus"
"Acrocephalus schoenobaenus","Acrocephalus schoenobaenus","11.8","anAge","Maximum.longevity..yrs.","yrs","Chordata","Aves","Passeriformes","Sylviidae","Acrocephalus","Acrocephalus schoenobaenus"
"Acrocephalus scirpaceus","Acrocephalus scirpaceus","14","anAge","Maximum.longevity..yrs.","yrs","Chordata","Aves","Passeriformes","Sylviidae","Acrocephalus","Acrocephalus scirpaceus"
"Aegithalos caudatus","Aegithalos caudatus","11.1","anAge","Maximum.longevity..yrs.","yrs","Chordata","Aves","Passeriformes","Aegithalidae","Aegithalos","Aegithalos caudatus"
"Alauda arvensis","Alauda arvensis","10.1","anAge","Maximum.longevity..yrs.","yrs","Chordata","Aves","Passeriformes","Alaudidae","Alauda","Alauda arvensis"
"Passerina cyanea","Passerina cyanea","11","anAge","Maximum.longevity..yrs.","yrs","Chordata","Aves","Passeriformes","Fringillidae","Passerina","Passerina cyanea"
"Cinclus cinclus","Cinclus cinclus","10.6","anAge","Maximum.longevity..yrs.","yrs","Chordata","Aves","Passeriformes","Cinclidae","Cinclus","Cinclus cinclus"
"Coloeus monedula","Coloeus monedula","20.3","anAge","Maximum.longevity..yrs.","yrs","Chordata","Aves","Passeriformes","Corvidae","Coloeus","Coloeus monedula"
"Corvus brachyrhynchos","Corvus brachyrhynchos","20","anAge","Maximum.longevity..yrs.","yrs","Chordata","Aves","Passeriformes","Corvidae","Corvus","Corvus brachyrhynchos"
"Corvus corax","Corvus corax","69","anAge","Maximum.longevity..yrs.","yrs","Chordata","Aves","Passeriformes","Corvidae","Corvus","Corvus corax"
"Corvus corone","Corvus corone","19.2","anAge","Maximum.longevity..yrs.","yrs","Chordata","Aves","Passeriformes","Corvidae","Corvus","Corvus corone"
"Corvus frugilegus","Corvus frugilegus","22.9","anAge","Maximum.longevity..yrs.","yrs","Chordata","Aves","Passeriformes","Corvidae","Corvus","Corvus frugilegus"
"Garrulus glandarius","Garrulus glandarius","17.9","anAge","Maximum.longevity..yrs.","yrs","Chordata","Aves","Passeriformes","Corvidae","Garrulus","Garrulus glandarius"
"Gymnorhinus cyanocephalus","Gymnorhinus cyanocephalus","14.6","anAge","Maximum.longevity..yrs.","yrs","Chordata","Aves","Passeriformes","Corvidae","Gymnorhinus","Gymnorhinus cyanocephalus"
"Perisoreus canadensis","Perisoreus canadensis","19.2","anAge","Maximum.longevity..yrs.","yrs","Chordata","Aves","Passeriformes","Corvidae","Perisoreus","Perisoreus canadensis"
"Pica pica","Pica pica","21.7","anAge","Maximum.longevity..yrs.","yrs","Chordata","Aves","Passeriformes","Corvidae","Pica","Pica pica"
"Emberiza citrinella","Emberiza citrinella","13.2","anAge","Maximum.longevity..yrs.","yrs","Chordata","Aves","Passeriformes","Fringillidae","Emberiza","Emberiza citrinella"
"Emberiza schoeniclus","Emberiza schoeniclus","12.2","anAge","Maximum.longevity..yrs.","yrs","Chordata","Aves","Passeriformes","Fringillidae","Emberiza","Emberiza schoeniclus"
"Melospiza melodia","Melospiza melodia","11.3","anAge","Maximum.longevity..yrs.","yrs","Chordata","Aves","Passeriformes","Passerellidae","Melospiza","Melospiza melodia"
"Passerculus sandwichensis","Passerculus sandwichensis","18","anAge","Maximum.longevity..yrs.","yrs","Chordata","Aves","Passeriformes","Passerellidae","Passerculus","Passerculus sandwichensis"
"Zonotrichia leucophrys","Zonotrichia leucophrys","13.3","anAge","Maximum.longevity..yrs.","yrs","Chordata","Aves","Passeriformes","Passerellidae","Zonotrichia","Zonotrichia leucophrys"
"Acanthis flammea","Acanthis flammea","12.2","anAge","Maximum.longevity..yrs.","yrs","Chordata","Aves","Passeriformes","Fringillidae","Acanthis","Acanthis flammea"
"Carduelis carduelis","Carduelis carduelis","27","anAge","Maximum.longevity..yrs.","yrs","Chordata","Aves","Passeriformes","Fringillidae","Carduelis","Carduelis carduelis"
"Chloris chloris","Chloris chloris","13.6","anAge","Maximum.longevity..yrs.","yrs","Chordata","Aves","Passeriformes","Fringillidae","Chloris","Chloris chloris"
"Fringilla coelebs","Fringilla coelebs","29","anAge","Maximum.longevity..yrs.","yrs","Chordata","Aves","Passeriformes","Fringillidae","Fringilla","Fringilla coelebs"
"Linaria cannabina","Linaria cannabina","9.4","anAge","Maximum.longevity..yrs.","yrs","Chordata","Aves","Passeriformes","Fringillidae","Linaria","Linaria cannabina"
"Pyrrhula pyrrhula","Pyrrhula pyrrhula","17.5","anAge","Maximum.longevity..yrs.","yrs","Chordata","Aves","Passeriformes","Fringillidae","Pyrrhula","Pyrrhula pyrrhula"
"Delichon urbicum","Delichon urbicum","15","anAge","Maximum.longevity..yrs.","yrs","Chordata","Aves","Passeriformes","Hirundinidae","Delichon","Delichon urbicum"
"Hirundo rustica","Hirundo rustica","16","anAge","Maximum.longevity..yrs.","yrs","Chordata","Aves","Passeriformes","Hirundinidae","Hirundo","Hirundo rustica"
"Petrochelidon fulva","Petrochelidon fulva","12.2","anAge","Maximum.longevity..yrs.","yrs","Chordata","Aves","Passeriformes","Hirundinidae","Petrochelidon","Petrochelidon fulva"
"Progne subis","Progne subis","13.8","anAge","Maximum.longevity..yrs.","yrs","Chordata","Aves","Passeriformes","Hirundinidae","Progne","Progne subis"
"Riparia riparia","Riparia riparia","10","anAge","Maximum.longevity..yrs.","yrs","Chordata","Aves","Passeriformes","Hirundinidae","Riparia","Riparia riparia"
"Tachycineta bicolor","Tachycineta bicolor","12.1","anAge","Maximum.longevity..yrs.","yrs","Chordata","Aves","Passeriformes","Hirundinidae","Tachycineta","Tachycineta bicolor"
"Molothrus ater","Molothrus ater","16.9","anAge","Maximum.longevity..yrs.","yrs","Chordata","Aves","Passeriformes","Icteridae","Molothrus","Molothrus ater"
"Quiscalus major","Quiscalus major","13.9","anAge","Maximum.longevity..yrs.","yrs","Chordata","Aves","Passeriformes","Icteridae","Quiscalus","Quiscalus major"
"Lanius ludovicianus","Lanius ludovicianus","12.5","anAge","Maximum.longevity..yrs.","yrs","Chordata","Aves","Passeriformes","Laniidae","Lanius","Lanius ludovicianus"
"Toxostoma curvirostre","Toxostoma curvirostre","10.8","anAge","Maximum.longevity..yrs.","yrs","Chordata","Aves","Passeriformes","Mimidae","Toxostoma","Toxostoma curvirostre"
"Motacilla alba","Motacilla alba","13.7","anAge","Maximum.longevity..yrs.","yrs","Chordata","Aves","Passeriformes","Motacillidae","Motacilla","Motacilla alba"
"Motacilla cinerea","Motacilla cinerea","8","anAge","Maximum.longevity..yrs.","yrs","Chordata","Aves","Passeriformes","Motacillidae","Motacilla","Motacilla cinerea"
"Motacilla flava","Motacilla flava","8.8","anAge","Maximum.longevity..yrs.","yrs","Chordata","Aves","Passeriformes","Motacillidae","Motacilla","Motacilla flava"
"Erithacus rubecula","Erithacus rubecula","19.3","anAge","Maximum.longevity..yrs.","yrs","Chordata","Aves","Passeriformes","Turdidae","Erithacus","Erithacus rubecula"
"Ficedula hypoleuca","Ficedula hypoleuca","15","anAge","Maximum.longevity..yrs.","yrs","Chordata","Aves","Passeriformes","Muscicapidae","Ficedula","Ficedula hypoleuca"
"Muscicapa striata","Muscicapa striata","11.8","anAge","Maximum.longevity..yrs.","yrs","Chordata","Aves","Passeriformes","Muscicapidae","Muscicapa","Muscicapa striata"
"Oenanthe oenanthe","Oenanthe oenanthe","10.1","anAge","Maximum.longevity..yrs.","yrs","Chordata","Aves","Passeriformes","Muscicapidae","Oenanthe","Oenanthe oenanthe"
"Phoenicurus phoenicurus","Phoenicurus phoenicurus","10.2","anAge","Maximum.longevity..yrs.","yrs","Chordata","Aves","Passeriformes","Muscicapidae","Phoenicurus","Phoenicurus phoenicurus"
"Cyanistes caeruleus","Cyanistes caeruleus","14.6","anAge","Maximum.longevity..yrs.","yrs","Chordata","Aves","Passeriformes","Paridae","Cyanistes","Cyanistes caeruleus"
"Parus major","Parus major","15.4","anAge","Maximum.longevity..yrs.","yrs","Chordata","Aves","Passeriformes","Paridae","Parus","Parus major"
"Periparus ater","Periparus ater","9.5","anAge","Maximum.longevity..yrs.","yrs","Chordata","Aves","Passeriformes","Paridae","Periparus","Periparus ater"
"Poecile atricapillus","Poecile atricapillus","12.4","anAge","Maximum.longevity..yrs.","yrs","Chordata","Aves","Passeriformes","Paridae","Poecile","Poecile atricapillus"
"Poecile palustris","Poecile palustris","11.9","anAge","Maximum.longevity..yrs.","yrs","Chordata","Aves","Passeriformes","Paridae","Poecile","Poecile palustris"
"Parkesia motacilla","Parkesia motacilla","11.9","anAge","Maximum.longevity..yrs.","yrs","Chordata","Aves","Passeriformes","Parulidae","Parkesia","Parkesia motacilla"
"Passer domesticus","Passer domesticus","23","anAge","Maximum.longevity..yrs.","yrs","Chordata","Aves","Passeriformes","Passeridae","Passer","Passer domesticus"
"Passer montanus","Passer montanus","13.1","anAge","Maximum.longevity..yrs.","yrs","Chordata","Aves","Passeriformes","Passeridae","Passer","Passer montanus"
"Phylloscopus trochilus","Phylloscopus trochilus","11.8","anAge","Maximum.longevity..yrs.","yrs","Chordata","Aves","Passeriformes","Phylloscopidae","Phylloscopus","Phylloscopus trochilus"
"Prunella modularis","Prunella modularis","20.8","anAge","Maximum.longevity..yrs.","yrs","Chordata","Aves","Passeriformes","Passeridae","Prunella","Prunella modularis"
"Sitta europaea","Sitta europaea","12.9","anAge","Maximum.longevity..yrs.","yrs","Chordata","Aves","Passeriformes","Sittidae","Sitta","Sitta europaea"
"Sitta pusilla","Sitta pusilla","5.8","anAge","Maximum.longevity..yrs.","yrs","Chordata","Aves","Passeriformes","Sittidae","Sitta","Sitta pusilla"
"Sturnus vulgaris","Sturnus vulgaris","22.9","anAge","Maximum.longevity..yrs.","yrs","Chordata","Aves","Passeriformes","Sturnidae","Sturnus","Sturnus vulgaris"
"Sylvia atricapilla","Sylvia atricapilla","13.8","anAge","Maximum.longevity..yrs.","yrs","Chordata","Aves","Passeriformes","Sylviidae","Sylvia","Sylvia atricapilla"
"Sylvia communis","Sylvia communis","8.9","anAge","Maximum.longevity..yrs.","yrs","Chordata","Aves","Passeriformes","Sylviidae","Sylvia","Sylvia communis"
"Campylorhynchus brunneicapillus","Campylorhynchus brunneicapillus","7.3","anAge","Maximum.longevity..yrs.","yrs","Chordata","Aves","Passeriformes","Certhiidae","Campylorhynchus","Campylorhynchus brunneicapillus"
"Troglodytes aedon","Troglodytes aedon","9","anAge","Maximum.longevity..yrs.","yrs","Chordata","Aves","Passeriformes","Certhiidae","Troglodytes","Troglodytes aedon"
"Troglodytes troglodytes","Troglodytes troglodytes","7","anAge","Maximum.longevity..yrs.","yrs","Chordata","Aves","Passeriformes","Certhiidae","Troglodytes","Troglodytes troglodytes"
"Hylocichla mustelina","Hylocichla mustelina","10.2","anAge","Maximum.longevity..yrs.","yrs","Chordata","Aves","Passeriformes","Turdidae","Hylocichla","Hylocichla mustelina"
"Sialia currucoides","Sialia currucoides","9","anAge","Maximum.longevity..yrs.","yrs","Chordata","Aves","Passeriformes","Turdidae","Sialia","Sialia currucoides"
"Sialia mexicana","Sialia mexicana","8.7","anAge","Maximum.longevity..yrs.","yrs","Chordata","Aves","Passeriformes","Turdidae","Sialia","Sialia mexicana"
"Sialia sialis","Sialia sialis","10.5","anAge","Maximum.longevity..yrs.","yrs","Chordata","Aves","Passeriformes","Turdidae","Sialia","Sialia sialis"
"Turdus merula","Turdus merula","21.8","anAge","Maximum.longevity..yrs.","yrs","Chordata","Aves","Passeriformes","Turdidae","Turdus","Turdus merula"
"Turdus philomelos","Turdus philomelos","17.7","anAge","Maximum.longevity..yrs.","yrs","Chordata","Aves","Passeriformes","Turdidae","Turdus","Turdus philomelos"
"Turdus viscivorus","Turdus viscivorus","21.2","anAge","Maximum.longevity..yrs.","yrs","Chordata","Aves","Passeriformes","Turdidae","Turdus","Turdus viscivorus"
"Myiarchus cinerascens","Myiarchus cinerascens","11.9","anAge","Maximum.longevity..yrs.","yrs","Chordata","Aves","Passeriformes","Tyrannidae","Myiarchus","Myiarchus cinerascens"
"Sayornis nigricans","Sayornis nigricans","8","anAge","Maximum.longevity..yrs.","yrs","Chordata","Aves","Passeriformes","Tyrannidae","Sayornis","Sayornis nigricans"
"Vireo griseus","Vireo griseus","10.9","anAge","Maximum.longevity..yrs.","yrs","Chordata","Aves","Passeriformes","Vireonidae","Vireo","Vireo griseus"
"Ardea alba","Ardea alba","22.8","anAge","Maximum.longevity..yrs.","yrs","Chordata","Aves","Pelecaniformes","Ardeidae","Ardea","Ardea alba"
"Ardea cinerea","Ardea cinerea","37.5","anAge","Maximum.longevity..yrs.","yrs","Chordata","Aves","Pelecaniformes","Ardeidae","Ardea","Ardea cinerea"
"Egretta thula","Egretta thula","22.8","anAge","Maximum.longevity..yrs.","yrs","Chordata","Aves","Pelecaniformes","Ardeidae","Egretta","Egretta thula"
"Nycticorax nycticorax","Nycticorax nycticorax","21.1","anAge","Maximum.longevity..yrs.","yrs","Chordata","Aves","Pelecaniformes","Ardeidae","Nycticorax","Nycticorax nycticorax"
"Pelecanus erythrorhynchos","Pelecanus erythrorhynchos","54","anAge","Maximum.longevity..yrs.","yrs","Chordata","Aves","Pelecaniformes","Pelecanidae","Pelecanus","Pelecanus erythrorhynchos"
"Eudocimus albus","Eudocimus albus","27.6","anAge","Maximum.longevity..yrs.","yrs","Chordata","Aves","Pelecaniformes","Threskiornithidae","Eudocimus","Eudocimus albus"
"Plegadis chihi","Plegadis chihi","20.4","anAge","Maximum.longevity..yrs.","yrs","Chordata","Aves","Pelecaniformes","Threskiornithidae","Plegadis","Plegadis chihi"
"Plegadis falcinellus","Plegadis falcinellus","26.8","anAge","Maximum.longevity..yrs.","yrs","Chordata","Aves","Pelecaniformes","Threskiornithidae","Plegadis","Plegadis falcinellus"
"Dendrocopos major","Dendrocopos major","12.7","anAge","Maximum.longevity..yrs.","yrs","Chordata","Aves","Piciformes","Picidae","Dendrocopos","Dendrocopos major"
"Dryocopus pileatus","Dryocopus pileatus","13","anAge","Maximum.longevity..yrs.","yrs","Chordata","Aves","Piciformes","Picidae","Dryocopus","Dryocopus pileatus"
"Picus viridis","Picus viridis","15.2","anAge","Maximum.longevity..yrs.","yrs","Chordata","Aves","Piciformes","Picidae","Picus","Picus viridis"
"Aegolius funereus","Aegolius funereus","15.9","anAge","Maximum.longevity..yrs.","yrs","Chordata","Aves","Strigiformes","Strigidae","Aegolius","Aegolius funereus"
"Asio otus","Asio otus","27.8","anAge","Maximum.longevity..yrs.","yrs","Chordata","Aves","Strigiformes","Strigidae","Asio","Asio otus"
"Athene cunicularia","Athene cunicularia","11","anAge","Maximum.longevity..yrs.","yrs","Chordata","Aves","Strigiformes","Strigidae","Athene","Athene cunicularia"
"Bubo virginianus","Bubo virginianus","29","anAge","Maximum.longevity..yrs.","yrs","Chordata","Aves","Strigiformes","Strigidae","Bubo","Bubo virginianus"
"Megascops asio","Megascops asio","20.7","anAge","Maximum.longevity..yrs.","yrs","Chordata","Aves","Strigiformes","Strigidae","Megascops","Megascops asio"
"Strix aluco","Strix aluco","22.4","anAge","Maximum.longevity..yrs.","yrs","Chordata","Aves","Strigiformes","Strigidae","Strix","Strix aluco"
"Strix nebulosa","Strix nebulosa","15.9","anAge","Maximum.longevity..yrs.","yrs","Chordata","Aves","Strigiformes","Strigidae","Strix","Strix nebulosa"
"Strix varia","Strix varia","24","anAge","Maximum.longevity..yrs.","yrs","Chordata","Aves","Strigiformes","Strigidae","Strix","Strix varia"
"Tyto alba","Tyto alba","34","anAge","Maximum.longevity..yrs.","yrs","Chordata","Aves","Strigiformes","Tytonidae","Tyto","Tyto alba"
"Morus bassanus","Morus bassanus","37.4","anAge","Maximum.longevity..yrs.","yrs","Chordata","Aves","Pelecaniformes","Sulidae","Morus","Morus bassanus"
"Galeorhinus galeus","Galeorhinus galeus","55","anAge","Maximum.longevity..yrs.","yrs","Chordata","Chondrichthyes","Carcharhiniformes","Triakidae","Galeorhinus","Galeorhinus galeus"
"Alopias superciliosus","Alopias superciliosus","21","anAge","Maximum.longevity..yrs.","yrs","Chordata","Chondrichthyes","Lamniformes","Alopiidae","Alopias","Alopias superciliosus"
"Squalus acanthias","Squalus acanthias","75","anAge","Maximum.longevity..yrs.","yrs","Chordata","Chondrichthyes","Squaliformes","Squalidae","Squalus","Squalus acanthias"
"Squalus megalops","Squalus megalops","75","anAge","Maximum.longevity..yrs.","yrs","Chordata","Chondrichthyes","Squaliformes","Squalidae","Squalus","Squalus megalops"
"Aepyceros melampus","Aepyceros melampus","25.6","anAge","Maximum.longevity..yrs.","yrs","Chordata","Mammalia","Artiodactyla","Bovidae","Aepyceros","Aepyceros melampus"
"Rupicapra rupicapra","Rupicapra rupicapra","17.6","anAge","Maximum.longevity..yrs.","yrs","Chordata","Mammalia","Artiodactyla","Bovidae","Rupicapra","Rupicapra rupicapra"
"Syncerus caffer","Syncerus caffer","32.8","anAge","Maximum.longevity..yrs.","yrs","Chordata","Mammalia","Artiodactyla","Bovidae","Syncerus","Syncerus caffer"
"Capreolus capreolus","Capreolus capreolus","17.5","anAge","Maximum.longevity..yrs.","yrs","Chordata","Mammalia","Artiodactyla","Cervidae","Capreolus","Capreolus capreolus"
"Cervus elaphus","Cervus elaphus","31.5","anAge","Maximum.longevity..yrs.","yrs","Chordata","Mammalia","Artiodactyla","Cervidae","Cervus","Cervus elaphus"
"Procyon lotor","Procyon lotor","21","anAge","Maximum.longevity..yrs.","yrs","Chordata","Mammalia","Carnivora","Procyonidae","Procyon","Procyon lotor"
"Didelphis virginiana","Didelphis virginiana","6.6","anAge","Maximum.longevity..yrs.","yrs","Chordata","Mammalia","Didelphimorphia","Didelphidae","Didelphis","Didelphis virginiana"
"Trichosurus vulpecula","Trichosurus vulpecula","15.9","anAge","Maximum.longevity..yrs.","yrs","Chordata","Mammalia","Diprotodontia","Phalangeridae","Trichosurus","Trichosurus vulpecula"
"Phascolarctos cinereus","Phascolarctos cinereus","22.1","anAge","Maximum.longevity..yrs.","yrs","Chordata","Mammalia","Diprotodontia","Phascolarctidae","Phascolarctos","Phascolarctos cinereus"
"Ochotona princeps","Ochotona princeps","7","anAge","Maximum.longevity..yrs.","yrs","Chordata","Mammalia","Lagomorpha","Ochotonidae","Ochotona","Ochotona princeps"
"Peromyscus leucopus","Peromyscus leucopus","7.9","anAge","Maximum.longevity..yrs.","yrs","Chordata","Mammalia","Rodentia","Cricetidae","Peromyscus","Peromyscus leucopus"
"Peromyscus maniculatus","Peromyscus maniculatus","8.3","anAge","Maximum.longevity..yrs.","yrs","Chordata","Mammalia","Rodentia","Cricetidae","Peromyscus","Peromyscus maniculatus"
"Thomomys bottae","Thomomys bottae","6.1","anAge","Maximum.longevity..yrs.","yrs","Chordata","Mammalia","Rodentia","Geomyidae","Thomomys","Thomomys bottae"
"Perognathus parvus","Perognathus parvus","5.8","anAge","Maximum.longevity..yrs.","yrs","Chordata","Mammalia","Rodentia","Heteromyidae","Perognathus","Perognathus parvus"
"Marmota flaviventris","Marmota flaviventris","21.2","anAge","Maximum.longevity..yrs.","yrs","Chordata","Mammalia","Rodentia","Sciuridae","Marmota","Marmota flaviventris"
"Tamias striatus","Tamias striatus","9.5","anAge","Maximum.longevity..yrs.","yrs","Chordata","Mammalia","Rodentia","Sciuridae","Tamias","Tamias striatus"
"Natrix natrix","Natrix natrix","20","anAge","Maximum.longevity..yrs.","yrs","Chordata","Lepidosauria","Squamata","Colubridae","Natrix","Natrix natrix"
"Zootoca vivipara","Lacerta vivipara","11","anAge","Maximum.longevity..yrs.","yrs","Chordata","Lepidosauria","Squamata","Lacertidae","Zootoca","Zootoca vivipara"
"Vipera berus","Vipera berus","19","anAge","Maximum.longevity..yrs.","yrs","Chordata","Lepidosauria","Squamata","Viperidae","Vipera","Vipera berus"
"Alosa sapidissima","Alosa sapidissima","13","anAge","Maximum.longevity..yrs.","yrs","Chordata","Actinopteri","Clupeiformes","Clupeidae","Alosa","Alosa sapidissima"
"Abramis brama","Abramis brama","23","anAge","Maximum.longevity..yrs.","yrs","Chordata","Actinopteri","Cypriniformes","Leuciscidae","Abramis","Abramis brama"
"Chrosomus eos","Chrosomus eos","3","anAge","Maximum.longevity..yrs.","yrs","Chordata","Actinopteri","Cypriniformes","Leuciscidae","Chrosomus","Chrosomus eos"
"Cyprinus carpio","Cyprinus carpio","47","anAge","Maximum.longevity..yrs.","yrs","Chordata","Actinopteri","Cypriniformes","Cyprinidae","Cyprinus","Cyprinus carpio"
"Gobio gobio","Gobio gobio","8","anAge","Maximum.longevity..yrs.","yrs","Chordata","Actinopteri","Cypriniformes","Gobionidae","Gobio","Gobio gobio"
"Squalius cephalus","Leuciscus cephalus","22","anAge","Maximum.longevity..yrs.","yrs","Chordata","Actinopteri","Cypriniformes","Leuciscidae","Squalius","Squalius cephalus"
"Leuciscus leuciscus","Leuciscus leuciscus","16","anAge","Maximum.longevity..yrs.","yrs","Chordata","Actinopteri","Cypriniformes","Leuciscidae","Leuciscus","Leuciscus leuciscus"
"Rutilus rutilus","Rutilus rutilus","14","anAge","Maximum.longevity..yrs.","yrs","Chordata","Actinopteri","Cypriniformes","Leuciscidae","Rutilus","Rutilus rutilus"
"Semotilus atromaculatus","Semotilus atromaculatus","8","anAge","Maximum.longevity..yrs.","yrs","Chordata","Actinopteri","Cypriniformes","Leuciscidae","Semotilus","Semotilus atromaculatus"
"Esox lucius","Esox lucius","30","anAge","Maximum.longevity..yrs.","yrs","Chordata","Actinopteri","Esociformes","Esocidae","Esox","Esox lucius"
"Gadus morhua","Gadus morhua","25","anAge","Maximum.longevity..yrs.","yrs","Chordata","Actinopteri","Gadiformes","Gadidae","Gadus","Gadus morhua"
"Lota lota","Lota lota","20","anAge","Maximum.longevity..yrs.","yrs","Chordata","Actinopteri","Gadiformes","Lotidae","Lota","Lota lota"
"Ambloplites rupestris","Ambloplites rupestris","18","anAge","Maximum.longevity..yrs.","yrs","Chordata","Actinopteri","Centrarchiformes","Centrarchidae","Ambloplites","Ambloplites rupestris"
"Lepomis cyanellus","Lepomis cyanellus","9","anAge","Maximum.longevity..yrs.","yrs","Chordata","Actinopteri","Centrarchiformes","Centrarchidae","Lepomis","Lepomis cyanellus"
"Lepomis macrochirus","Lepomis macrochirus","10","anAge","Maximum.longevity..yrs.","yrs","Chordata","Actinopteri","Centrarchiformes","Centrarchidae","Lepomis","Lepomis macrochirus"
"Micropterus dolomieu","Micropterus dolomieu","26","anAge","Maximum.longevity..yrs.","yrs","Chordata","Actinopteri","Centrarchiformes","Centrarchidae","Micropterus","Micropterus dolomieu"
"Micropterus salmoides","Micropterus salmoides","23","anAge","Maximum.longevity..yrs.","yrs","Chordata","Actinopteri","Centrarchiformes","Centrarchidae","Micropterus","Micropterus salmoides"
"Etheostoma nigrum","Etheostoma nigrum","4","anAge","Maximum.longevity..yrs.","yrs","Chordata","Actinopteri","Perciformes","Percidae","Etheostoma","Etheostoma nigrum"
"Perca fluviatilis","Perca fluviatilis","22","anAge","Maximum.longevity..yrs.","yrs","Chordata","Actinopteri","Perciformes","Percidae","Perca","Perca fluviatilis"
"Sander lucioperca","Sander lucioperca","16","anAge","Maximum.longevity..yrs.","yrs","Chordata","Actinopteri","Perciformes","Percidae","Sander","Sander lucioperca"
"Limanda ferruginea","Limanda ferruginea","12","anAge","Maximum.longevity..yrs.","yrs","Chordata","Actinopteri","Pleuronectiformes","Pleuronectidae","Myzopsetta","Myzopsetta ferruginea"
"Oncorhynchus tshawytscha","Oncorhynchus tshawytscha","9","anAge","Maximum.longevity..yrs.","yrs","Chordata","Actinopteri","Salmoniformes","Salmonidae","Oncorhynchus","Oncorhynchus tshawytscha"
"Prosopium williamsoni","Prosopium williamsoni","17","anAge","Maximum.longevity..yrs.","yrs","Chordata","Actinopteri","Salmoniformes","Salmonidae","Prosopium","Prosopium williamsoni"
"Salmo salar","Salmo salar","13","anAge","Maximum.longevity..yrs.","yrs","Chordata","Actinopteri","Salmoniformes","Salmonidae","Salmo","Salmo salar"
"Salmo trutta","Salmo trutta","38","anAge","Maximum.longevity..yrs.","yrs","Chordata","Actinopteri","Salmoniformes","Salmonidae","Salmo","Salmo trutta"
"Cottus gobio","Cottus gobio","5","anAge","Maximum.longevity..yrs.","yrs","Chordata","Actinopteri","Perciformes","Cottidae","Cottus","Cottus gobio"
"Leuconotopicus borealis","Picoides borealis","16.1","anAge","Maximum.longevity..yrs.","yrs","Chordata","Aves","Piciformes","Picidae","Picoides","Picoides borealis"
"Cervus elaphus","Cervus elaphus","321.6","pantheria","X17.1_MaxLongevity_m","yrs","Chordata","Mammalia","Artiodactyla","Cervidae","Cervus","Cervus elaphus"
"Didelphis virginiana","Didelphis virginiana","60","pantheria","X17.1_MaxLongevity_m","yrs","Chordata","Mammalia","Didelphimorphia","Didelphidae","Didelphis","Didelphis virginiana"
"Capreolus capreolus","Capreolus capreolus","204","pantheria","X17.1_MaxLongevity_m","yrs","Chordata","Mammalia","Artiodactyla","Cervidae","Capreolus","Capreolus capreolus"
"Marmota flaviventris","Marmota flaviventris","96","pantheria","X17.1_MaxLongevity_m","yrs","Chordata","Mammalia","Rodentia","Sciuridae","Marmota","Marmota flaviventris"
"Lepus americanus","Lepus americanus","96","pantheria","X17.1_MaxLongevity_m","yrs","Chordata","Mammalia","Lagomorpha","Leporidae","Lepus","Lepus americanus"
"Microtus oeconomus","Microtus oeconomus","21.6","pantheria","X17.1_MaxLongevity_m","yrs","Chordata","Mammalia","Rodentia","Cricetidae","Microtus","Microtus oeconomus"
"Microtus pennsylvanicus","Microtus pennsylvanicus","11","pantheria","X17.1_MaxLongevity_m","yrs","Chordata","Mammalia","Rodentia","Cricetidae","Microtus","Microtus pennsylvanicus"
"Myodes gapperi","Myodes gapperi","20","pantheria","X17.1_MaxLongevity_m","yrs","Chordata","Mammalia","Rodentia","Cricetidae","Myodes","Myodes gapperi"
"Napaeozapus insignis","Napaeozapus insignis","48","pantheria","X17.1_MaxLongevity_m","yrs","Chordata","Mammalia","Rodentia","Dipodidae","Napaeozapus","Napaeozapus insignis"
"Ochotona princeps","Ochotona princeps","84","pantheria","X17.1_MaxLongevity_m","yrs","Chordata","Mammalia","Lagomorpha","Ochotonidae","Ochotona","Ochotona princeps"
"Perognathus parvus","Perognathus parvus","48","pantheria","X17.1_MaxLongevity_m","yrs","Chordata","Mammalia","Rodentia","Heteromyidae","Perognathus","Perognathus parvus"
"Peromyscus leucopus","Peromyscus leucopus","38","pantheria","X17.1_MaxLongevity_m","yrs","Chordata","Mammalia","Rodentia","Cricetidae","Peromyscus","Peromyscus leucopus"
"Phascolarctos cinereus","Phascolarctos cinereus","240","pantheria","X17.1_MaxLongevity_m","yrs","Chordata","Mammalia","Diprotodontia","Phascolarctidae","Phascolarctos","Phascolarctos cinereus"
"Procyon lotor","Procyon lotor","252","pantheria","X17.1_MaxLongevity_m","yrs","Chordata","Mammalia","Carnivora","Procyonidae","Procyon","Procyon lotor"
"Rupicapra rupicapra","Rupicapra rupicapra","264","pantheria","X17.1_MaxLongevity_m","yrs","Chordata","Mammalia","Artiodactyla","Bovidae","Rupicapra","Rupicapra rupicapra"
"Reithrodontomys megalotis","Reithrodontomys megalotis","18","pantheria","X17.1_MaxLongevity_m","yrs","Chordata","Mammalia","Rodentia","Cricetidae","Reithrodontomys","Reithrodontomys megalotis"
"Otospermophilus beecheyi","Spermophilus beecheyi","60","pantheria","X17.1_MaxLongevity_m","yrs","Chordata","Mammalia","Rodentia","Sciuridae","Otospermophilus","Otospermophilus beecheyi"
"Aepyceros melampus","Aepyceros melampus","213","pantheria","X17.1_MaxLongevity_m","yrs","Chordata","Mammalia","Artiodactyla","Bovidae","Aepyceros","Aepyceros melampus"
"Trichosurus vulpecula","Trichosurus vulpecula","176.4","pantheria","X17.1_MaxLongevity_m","yrs","Chordata","Mammalia","Diprotodontia","Phalangeridae","Trichosurus","Trichosurus vulpecula"
"Syncerus caffer","Syncerus caffer","354","pantheria","X17.1_MaxLongevity_m","yrs","Chordata","Mammalia","Artiodactyla","Bovidae","Syncerus","Syncerus caffer"
"Tamias amoenus","Tamias amoenus","62","pantheria","X17.1_MaxLongevity_m","yrs","Chordata","Mammalia","Rodentia","Sciuridae","Tamias","Tamias amoenus"
"Alces alces","Alces alces","324","pantheria","X17.1_MaxLongevity_m","yrs","Chordata","Mammalia","Artiodactyla","Cervidae","Alces","Alces alces"
"Thomomys bottae","Thomomys bottae","54","pantheria","X17.1_MaxLongevity_m","yrs","Chordata","Mammalia","Rodentia","Geomyidae","Thomomys","Thomomys bottae"
"Abramis brama","Abramis brama","23","Fishbase","LongevityWild","yrs","Chordata","Actinopteri","Cypriniformes","Leuciscidae","Abramis","Abramis brama"
"Alopias superciliosus","Alopias superciliosus","20","Fishbase","LongevityWild","yrs","Chordata","Chondrichthyes","Lamniformes","Alopiidae","Alopias","Alopias superciliosus"
"Alosa sapidissima","Alosa sapidissima","13","Fishbase","LongevityWild","yrs","Chordata","Actinopteri","Clupeiformes","Clupeidae","Alosa","Alosa sapidissima"
"Ambloplites rupestris","Ambloplites rupestris","18","Fishbase","LongevityWild","yrs","Chordata","Actinopteri","Centrarchiformes","Centrarchidae","Ambloplites","Ambloplites rupestris"
"Barbus barbus","Barbus barbus","15","Fishbase","LongevityWild","yrs","Chordata","Actinopteri","Cypriniformes","Cyprinidae","Barbus","Barbus barbus"
"Chrosomus eos","Chrosomus eos","3","Fishbase","LongevityWild","yrs","Chordata","Actinopteri","Cypriniformes","Leuciscidae","Chrosomus","Chrosomus eos"
"Cottus gobio","Cottus gobio","10","Fishbase","LongevityWild","yrs","Chordata","Actinopteri","Perciformes","Cottidae","Cottus","Cottus gobio"
"Cyprinus carpio","Cyprinus carpio","38","Fishbase","LongevityWild","yrs","Chordata","Actinopteri","Cypriniformes","Cyprinidae","Cyprinus","Cyprinus carpio"
"Esox lucius","Esox lucius","30","Fishbase","LongevityWild","yrs","Chordata","Actinopteri","Esociformes","Esocidae","Esox","Esox lucius"
"Etheostoma nigrum","Etheostoma nigrum","4","Fishbase","LongevityWild","yrs","Chordata","Actinopteri","Perciformes","Percidae","Etheostoma","Etheostoma nigrum"
"Gadus morhua","Gadus morhua","25","Fishbase","LongevityWild","yrs","Chordata","Actinopteri","Gadiformes","Gadidae","Gadus","Gadus morhua"
"Galeorhinus galeus","Galeorhinus galeus","55","Fishbase","LongevityWild","yrs","Chordata","Chondrichthyes","Carcharhiniformes","Triakidae","Galeorhinus","Galeorhinus galeus"
"Gobio gobio","Gobio gobio","8","Fishbase","LongevityWild","yrs","Chordata","Actinopteri","Cypriniformes","Gobionidae","Gobio","Gobio gobio"
"Lepomis cyanellus","Lepomis cyanellus","9","Fishbase","LongevityWild","yrs","Chordata","Actinopteri","Centrarchiformes","Centrarchidae","Lepomis","Lepomis cyanellus"
"Lepomis macrochirus","Lepomis macrochirus","10","Fishbase","LongevityWild","yrs","Chordata","Actinopteri","Centrarchiformes","Centrarchidae","Lepomis","Lepomis macrochirus"
"Leuciscus leuciscus","Leuciscus leuciscus","16","Fishbase","LongevityWild","yrs","Chordata","Actinopteri","Cypriniformes","Leuciscidae","Leuciscus","Leuciscus leuciscus"
"Lota lota","Lota lota","20","Fishbase","LongevityWild","yrs","Chordata","Actinopteri","Gadiformes","Lotidae","Lota","Lota lota"
"Micropterus dolomieu","Micropterus dolomieu","26","Fishbase","LongevityWild","yrs","Chordata","Actinopteri","Centrarchiformes","Centrarchidae","Micropterus","Micropterus dolomieu"
"Micropterus salmoides","Micropterus salmoides","23","Fishbase","LongevityWild","yrs","Chordata","Actinopteri","Centrarchiformes","Centrarchidae","Micropterus","Micropterus salmoides"
"Limanda ferruginea","Limanda ferruginea","12","Fishbase","LongevityWild","yrs","Chordata","Actinopteri","Pleuronectiformes","Pleuronectidae","Myzopsetta","Myzopsetta ferruginea"
"Oncorhynchus tshawytscha","Oncorhynchus tshawytscha","9","Fishbase","LongevityWild","yrs","Chordata","Actinopteri","Salmoniformes","Salmonidae","Oncorhynchus","Oncorhynchus tshawytscha"
"Perca fluviatilis","Perca fluviatilis","22","Fishbase","LongevityWild","yrs","Chordata","Actinopteri","Perciformes","Percidae","Perca","Perca fluviatilis"
"Prosopium williamsoni","Prosopium williamsoni","17","Fishbase","LongevityWild","yrs","Chordata","Actinopteri","Salmoniformes","Salmonidae","Prosopium","Prosopium williamsoni"
"Rutilus rutilus","Rutilus rutilus","14","Fishbase","LongevityWild","yrs","Chordata","Actinopteri","Cypriniformes","Leuciscidae","Rutilus","Rutilus rutilus"
"Salmo salar","Salmo salar","13","Fishbase","LongevityWild","yrs","Chordata","Actinopteri","Salmoniformes","Salmonidae","Salmo","Salmo salar"
"Salmo trutta","Salmo trutta","38","Fishbase","LongevityWild","yrs","Chordata","Actinopteri","Salmoniformes","Salmonidae","Salmo","Salmo trutta"
"Sander lucioperca","Sander lucioperca","17","Fishbase","LongevityWild","yrs","Chordata","Actinopteri","Perciformes","Percidae","Sander","Sander lucioperca"
"Semotilus atromaculatus","Semotilus atromaculatus","8","Fishbase","LongevityWild","yrs","Chordata","Actinopteri","Cypriniformes","Leuciscidae","Semotilus","Semotilus atromaculatus"
"Squalus acanthias","Squalus acanthias","75","Fishbase","LongevityWild","yrs","Chordata","Chondrichthyes","Squaliformes","Squalidae","Squalus","Squalus acanthias"
"Squalus megalops","Squalus megalops","32","Fishbase","LongevityWild","yrs","Chordata","Chondrichthyes","Squaliformes","Squalidae","Squalus","Squalus megalops"
"Thymallus thymallus","Thymallus thymallus","14","Fishbase","LongevityWild","yrs","Chordata","Actinopteri","Salmoniformes","Salmonidae","Thymallus","Thymallus thymallus"
"Accipiter gentilis","Accipiter gentilis","22","SStorchova","Life.span","yrs","Chordata","Aves","Accipitriformes","Accipitridae","Accipiter","Accipiter gentilis"
"Accipiter nisus","Accipiter nisus","20","SStorchova","Life.span","yrs","Chordata","Aves","Accipitriformes","Accipitridae","Accipiter","Accipiter nisus"
"Aquila chrysaetos","Aquila chrysaetos","32","SStorchova","Life.span","yrs","Chordata","Aves","Accipitriformes","Accipitridae","Aquila","Aquila chrysaetos"
"Buteo buteo","Buteo buteo","29","SStorchova","Life.span","yrs","Chordata","Aves","Accipitriformes","Accipitridae","Buteo","Buteo buteo"
"Circus cyaneus","Circus cyaneus","17","SStorchova","Life.span","yrs","Chordata","Aves","Accipitriformes","Accipitridae","Circus","Circus cyaneus"
"Pandion haliaetus","Pandion haliaetus","27","SStorchova","Life.span","yrs","Chordata","Aves","Accipitriformes","Pandionidae","Pandion","Pandion haliaetus"
"Aix sponsa","Aix sponsa","23","SStorchova","Life.span","yrs","Chordata","Aves","Anseriformes","Anatidae","Aix","Aix sponsa"
"Anas acuta","Anas acuta","26","SStorchova","Life.span","yrs","Chordata","Aves","Anseriformes","Anatidae","Anas","Anas acuta"
"Anas platyrhynchos","Anas platyrhynchos","23","SStorchova","Life.span","yrs","Chordata","Aves","Anseriformes","Anatidae","Anas","Anas platyrhynchos"
"Branta canadensis","Branta canadensis","27","SStorchova","Life.span","yrs","Chordata","Aves","Anseriformes","Anatidae","Branta","Branta canadensis"
"Bucephala clangula","Bucephala clangula","17","SStorchova","Life.span","yrs","Chordata","Aves","Anseriformes","Anatidae","Bucephala","Bucephala clangula"
"Cygnus olor","Cygnus olor","29","SStorchova","Life.span","yrs","Chordata","Aves","Anseriformes","Anatidae","Cygnus","Cygnus olor"
"Melanitta fusca","Melanitta fusca","21","SStorchova","Life.span","yrs","Chordata","Aves","Anseriformes","Anatidae","Melanitta","Melanitta fusca"
"Mergus merganser","Mergus merganser","15","SStorchova","Life.span","yrs","Chordata","Aves","Anseriformes","Anatidae","Mergus","Mergus merganser"
"Apus apus","Apus apus","21","SStorchova","Life.span","yrs","Chordata","Aves","Apodiformes","Apodidae","Apus","Apus apus"
"Columba oenas","Columba oenas","13","SStorchova","Life.span","yrs","Chordata","Aves","Columbiformes","Columbidae","Columba","Columba oenas"
"Columba palumbus","Columba palumbus","18","SStorchova","Life.span","yrs","Chordata","Aves","Columbiformes","Columbidae","Columba","Columba palumbus"
"Streptopelia decaocto","Streptopelia decaocto","18","SStorchova","Life.span","yrs","Chordata","Aves","Columbiformes","Columbidae","Streptopelia","Streptopelia decaocto"
"Streptopelia turtur","Streptopelia turtur","13","SStorchova","Life.span","yrs","Chordata","Aves","Columbiformes","Columbidae","Streptopelia","Streptopelia turtur"
"Alcedo atthis","Alcedo atthis","21","SStorchova","Life.span","yrs","Chordata","Aves","Coraciiformes","Alcedinidae","Alcedo","Alcedo atthis"
"Falco columbarius","Falco columbarius","13","SStorchova","Life.span","yrs","Chordata","Aves","Falconiformes","Falconidae","Falco","Falco columbarius"
"Falco peregrinus","Falco peregrinus","17","SStorchova","Life.span","yrs","Chordata","Aves","Falconiformes","Falconidae","Falco","Falco peregrinus"
"Falco tinnunculus","Falco tinnunculus","20","SStorchova","Life.span","yrs","Chordata","Aves","Falconiformes","Falconidae","Falco","Falco tinnunculus"
"Tetrastes bonasia","Bonasa bonasia","7","SStorchova","Life.span","yrs","Chordata","Aves","Galliformes","Phasianidae","Tetrastes","Tetrastes bonasia"
"Lagopus lagopus","Lagopus lagopus","8","SStorchova","Life.span","yrs","Chordata","Aves","Galliformes","Phasianidae","Lagopus","Lagopus lagopus"
"Meleagris gallopavo","Meleagris gallopavo","3","SStorchova","Life.span","yrs","Chordata","Aves","Galliformes","Phasianidae","Meleagris","Meleagris gallopavo"
"Gavia immer","Gavia immer","8","SStorchova","Life.span","yrs","Chordata","Aves","Gaviiformes","Gaviidae","Gavia","Gavia immer"
"Fulica atra","Fulica atra","21","SStorchova","Life.span","yrs","Chordata","Aves","Gruiformes","Rallidae","Fulica","Fulica atra"
"Gallinula chloropus","Gallinula chloropus","19","SStorchova","Life.span","yrs","Chordata","Aves","Gruiformes","Rallidae","Gallinula","Gallinula chloropus"
"Alca torda","Alca torda","42","SStorchova","Life.span","yrs","Chordata","Aves","Charadriiformes","Alcidae","Alca","Alca torda"
"Uria aalge","Uria aalge","43","SStorchova","Life.span","yrs","Chordata","Aves","Charadriiformes","Alcidae","Uria","Uria aalge"
"Hydroprogne caspia","Hydroprogne caspia","30","SStorchova","Life.span","yrs","Chordata","Aves","Charadriiformes","Laridae","Hydroprogne","Hydroprogne caspia"
"Chlidonias niger","Chlidonias niger","21","SStorchova","Life.span","yrs","Chordata","Aves","Charadriiformes","Laridae","Chlidonias","Chlidonias niger"
"Larus canus","Larus canus","34","SStorchova","Life.span","yrs","Chordata","Aves","Charadriiformes","Laridae","Larus","Larus canus"
"Larus fuscus","Larus fuscus","35","SStorchova","Life.span","yrs","Chordata","Aves","Charadriiformes","Laridae","Larus","Larus fuscus"
"Larus marinus","Larus marinus","29","SStorchova","Life.span","yrs","Chordata","Aves","Charadriiformes","Laridae","Larus","Larus marinus"
"Chroicocephalus ridibundus","Larus ridibundus","31","SStorchova","Life.span","yrs","Chordata","Aves","Charadriiformes","Laridae","Chroicocephalus","Chroicocephalus ridibundus"
"Rissa tridactyla","Rissa tridactyla","29","SStorchova","Life.span","yrs","Chordata","Aves","Charadriiformes","Laridae","Rissa","Rissa tridactyla"
"Sterna dougallii","Sterna dougallii","24","SStorchova","Life.span","yrs","Chordata","Aves","Charadriiformes","Laridae","Sterna","Sterna dougallii"
"Sterna paradisaea","Sterna paradisaea","31","SStorchova","Life.span","yrs","Chordata","Aves","Charadriiformes","Laridae","Sterna","Sterna paradisaea"
"Numenius phaeopus","Numenius phaeopus","16","SStorchova","Life.span","yrs","Chordata","Aves","Charadriiformes","Scolopacidae","Numenius","Numenius phaeopus"
"Acrocephalus scirpaceus","Acrocephalus scirpaceus","14","SStorchova","Life.span","yrs","Chordata","Aves","Passeriformes","Sylviidae","Acrocephalus","Acrocephalus scirpaceus"
"Acrocephalus schoenobaenus","Acrocephalus schoenobaenus","12","SStorchova","Life.span","yrs","Chordata","Aves","Passeriformes","Sylviidae","Acrocephalus","Acrocephalus schoenobaenus"
"Aegithalos caudatus","Aegithalos caudatus","11","SStorchova","Life.span","yrs","Chordata","Aves","Passeriformes","Aegithalidae","Aegithalos","Aegithalos caudatus"
"Alauda arvensis","Alauda arvensis","10","SStorchova","Life.span","yrs","Chordata","Aves","Passeriformes","Alaudidae","Alauda","Alauda arvensis"
"Cinclus cinclus","Cinclus cinclus","11","SStorchova","Life.span","yrs","Chordata","Aves","Passeriformes","Cinclidae","Cinclus","Cinclus cinclus"
"Corvus corax","Corvus corax","23","SStorchova","Life.span","yrs","Chordata","Aves","Passeriformes","Corvidae","Corvus","Corvus corax"
"Corvus corone","Corvus corone","19","SStorchova","Life.span","yrs","Chordata","Aves","Passeriformes","Corvidae","Corvus","Corvus corone"
"Corvus frugilegus","Corvus frugilegus","23","SStorchova","Life.span","yrs","Chordata","Aves","Passeriformes","Corvidae","Corvus","Corvus frugilegus"
"Coloeus monedula","Corvus monedula","20","SStorchova","Life.span","yrs","Chordata","Aves","Passeriformes","Corvidae","Coloeus","Coloeus monedula"
"Garrulus glandarius","Garrulus glandarius","17","SStorchova","Life.span","yrs","Chordata","Aves","Passeriformes","Corvidae","Garrulus","Garrulus glandarius"
"Pica pica","Pica pica","22","SStorchova","Life.span","yrs","Chordata","Aves","Passeriformes","Corvidae","Pica","Pica pica"
"Emberiza citrinella","Emberiza citrinella","13","SStorchova","Life.span","yrs","Chordata","Aves","Passeriformes","Fringillidae","Emberiza","Emberiza citrinella"
"Emberiza schoeniclus","Emberiza schoeniclus","12","SStorchova","Life.span","yrs","Chordata","Aves","Passeriformes","Fringillidae","Emberiza","Emberiza schoeniclus"
"Acanthis flammea","Acanthis flammea","12","SStorchova","Life.span","yrs","Chordata","Aves","Passeriformes","Fringillidae","Acanthis","Acanthis flammea"
"Carduelis carduelis","Carduelis carduelis","14","SStorchova","Life.span","yrs","Chordata","Aves","Passeriformes","Fringillidae","Carduelis","Carduelis carduelis"
"Fringilla coelebs","Fringilla coelebs","16","SStorchova","Life.span","yrs","Chordata","Aves","Passeriformes","Fringillidae","Fringilla","Fringilla coelebs"
"Chloris chloris","Chloris chloris","14","SStorchova","Life.span","yrs","Chordata","Aves","Passeriformes","Fringillidae","Chloris","Chloris chloris"
"Linaria cannabina","Linaria cannabina","9","SStorchova","Life.span","yrs","Chordata","Aves","Passeriformes","Fringillidae","Linaria","Linaria cannabina"
"Pyrrhula pyrrhula","Pyrrhula pyrrhula","13","SStorchova","Life.span","yrs","Chordata","Aves","Passeriformes","Fringillidae","Pyrrhula","Pyrrhula pyrrhula"
"Delichon urbicum","Delichon urbicum","15","SStorchova","Life.span","yrs","Chordata","Aves","Passeriformes","Hirundinidae","Delichon","Delichon urbicum"
"Hirundo rustica","Hirundo rustica","11","SStorchova","Life.span","yrs","Chordata","Aves","Passeriformes","Hirundinidae","Hirundo","Hirundo rustica"
"Riparia riparia","Riparia riparia","10","SStorchova","Life.span","yrs","Chordata","Aves","Passeriformes","Hirundinidae","Riparia","Riparia riparia"
"Motacilla alba","Motacilla alba","14","SStorchova","Life.span","yrs","Chordata","Aves","Passeriformes","Motacillidae","Motacilla","Motacilla alba"
"Motacilla cinerea","Motacilla cinerea","8","SStorchova","Life.span","yrs","Chordata","Aves","Passeriformes","Motacillidae","Motacilla","Motacilla cinerea"
"Motacilla flava","Motacilla flava","9","SStorchova","Life.span","yrs","Chordata","Aves","Passeriformes","Motacillidae","Motacilla","Motacilla flava"
"Erithacus rubecula","Erithacus rubecula","19","SStorchova","Life.span","yrs","Chordata","Aves","Passeriformes","Turdidae","Erithacus","Erithacus rubecula"
"Ficedula hypoleuca","Ficedula hypoleuca","11","SStorchova","Life.span","yrs","Chordata","Aves","Passeriformes","Muscicapidae","Ficedula","Ficedula hypoleuca"
"Muscicapa striata","Muscicapa striata","11","SStorchova","Life.span","yrs","Chordata","Aves","Passeriformes","Muscicapidae","Muscicapa","Muscicapa striata"
"Oenanthe oenanthe","Oenanthe oenanthe","10","SStorchova","Life.span","yrs","Chordata","Aves","Passeriformes","Muscicapidae","Oenanthe","Oenanthe oenanthe"
"Phoenicurus phoenicurus","Phoenicurus phoenicurus","10","SStorchova","Life.span","yrs","Chordata","Aves","Passeriformes","Muscicapidae","Phoenicurus","Phoenicurus phoenicurus"
"Cyanistes caeruleus","Cyanistes caeruleus","12","SStorchova","Life.span","yrs","Chordata","Aves","Passeriformes","Paridae","Cyanistes","Cyanistes caeruleus"
"Parus major","Parus major","15","SStorchova","Life.span","yrs","Chordata","Aves","Passeriformes","Paridae","Parus","Parus major"
"Periparus ater","Periparus ater","10","SStorchova","Life.span","yrs","Chordata","Aves","Passeriformes","Paridae","Periparus","Periparus ater"
"Poecile palustris","Poecile palustris","12","SStorchova","Life.span","yrs","Chordata","Aves","Passeriformes","Paridae","Poecile","Poecile palustris"
"Passer domesticus","Passer domesticus","20","SStorchova","Life.span","yrs","Chordata","Aves","Passeriformes","Passeridae","Passer","Passer domesticus"
"Passer montanus","Passer montanus","13","SStorchova","Life.span","yrs","Chordata","Aves","Passeriformes","Passeridae","Passer","Passer montanus"
"Phylloscopus trochilus","Phylloscopus trochilus","11","SStorchova","Life.span","yrs","Chordata","Aves","Passeriformes","Phylloscopidae","Phylloscopus","Phylloscopus trochilus"
"Prunella modularis","Prunella modularis","21","SStorchova","Life.span","yrs","Chordata","Aves","Passeriformes","Passeridae","Prunella","Prunella modularis"
"Sitta europaea","Sitta europaea","13","SStorchova","Life.span","yrs","Chordata","Aves","Passeriformes","Sittidae","Sitta","Sitta europaea"
"Sturnus vulgaris","Sturnus vulgaris","23","SStorchova","Life.span","yrs","Chordata","Aves","Passeriformes","Sturnidae","Sturnus","Sturnus vulgaris"
"Sylvia atricapilla","Sylvia atricapilla","14","SStorchova","Life.span","yrs","Chordata","Aves","Passeriformes","Sylviidae","Sylvia","Sylvia atricapilla"
"Sylvia communis","Sylvia communis","9","SStorchova","Life.span","yrs","Chordata","Aves","Passeriformes","Sylviidae","Sylvia","Sylvia communis"
"Troglodytes troglodytes","Troglodytes troglodytes","7","SStorchova","Life.span","yrs","Chordata","Aves","Passeriformes","Certhiidae","Troglodytes","Troglodytes troglodytes"
"Turdus merula","Turdus merula","22","SStorchova","Life.span","yrs","Chordata","Aves","Passeriformes","Turdidae","Turdus","Turdus merula"
"Turdus philomelos","Turdus philomelos","18","SStorchova","Life.span","yrs","Chordata","Aves","Passeriformes","Turdidae","Turdus","Turdus philomelos"
"Turdus viscivorus","Turdus viscivorus","21","SStorchova","Life.span","yrs","Chordata","Aves","Passeriformes","Turdidae","Turdus","Turdus viscivorus"
"Ardea alba","Ardea alba","14","SStorchova","Life.span","yrs","Chordata","Aves","Pelecaniformes","Ardeidae","Ardea","Ardea alba"
"Ardea cinerea","Ardea cinerea","37","SStorchova","Life.span","yrs","Chordata","Aves","Pelecaniformes","Ardeidae","Ardea","Ardea cinerea"
"Nycticorax nycticorax","Nycticorax nycticorax","17","SStorchova","Life.span","yrs","Chordata","Aves","Pelecaniformes","Ardeidae","Nycticorax","Nycticorax nycticorax"
"Plegadis falcinellus","Plegadis falcinellus","9","SStorchova","Life.span","yrs","Chordata","Aves","Pelecaniformes","Threskiornithidae","Plegadis","Plegadis falcinellus"
"Dendrocopos major","Dendrocopos major","13","SStorchova","Life.span","yrs","Chordata","Aves","Piciformes","Picidae","Dendrocopos","Dendrocopos major"
"Picus viridis","Picus viridis","15","SStorchova","Life.span","yrs","Chordata","Aves","Piciformes","Picidae","Picus","Picus viridis"
"Aegolius funereus","Aegolius funereus","15","SStorchova","Life.span","yrs","Chordata","Aves","Strigiformes","Strigidae","Aegolius","Aegolius funereus"
"Asio otus","Asio otus","18","SStorchova","Life.span","yrs","Chordata","Aves","Strigiformes","Strigidae","Asio","Asio otus"
"Strix aluco","Strix aluco","22","SStorchova","Life.span","yrs","Chordata","Aves","Strigiformes","Strigidae","Strix","Strix aluco"
"Strix nebulosa","Strix nebulosa","16","SStorchova","Life.span","yrs","Chordata","Aves","Strigiformes","Strigidae","Strix","Strix nebulosa"
"Tyto alba","Tyto alba","18","SStorchova","Life.span","yrs","Chordata","Aves","Strigiformes","Tytonidae","Tyto","Tyto alba"
"Morus bassanus","Morus bassanus","37","SStorchova","Life.span","yrs","Chordata","Aves","Pelecaniformes","Sulidae","Morus","Morus bassanus"
"Bufo bufo","Bufo bufo","40","anAge","Maximum.longevity..yrs.","yrs","Chordata","Amphibia","Anura","Bufonidae","Bufo","bufo"
"Pelophylax lessonae","Pelophylax lessonae","6","anAge","Maximum.longevity..yrs.","yrs","Chordata","Amphibia","Anura","Ranidae","Pelophylax","lessonae"
"Rana aurora","Rana aurora","15","anAge","Maximum.longevity..yrs.","yrs","Chordata","Amphibia","Anura","Ranidae","Rana","aurora"
"Pelophylax lessonae","Rana esculenta","12","anAge","Maximum.longevity..yrs.","yrs","Chordata","Amphibia","Anura","Ranidae","Rana","esculenta"
"Buteo swainsoni","Buteo swainsoni","24.9","anAge","Maximum.longevity..yrs.","yrs","Chordata","Aves","Accipitriformes","Accipitridae","Buteo","swainsoni"
"Branta bernicla","Branta bernicla","28.8","anAge","Maximum.longevity..yrs.","yrs","Chordata","Aves","Anseriformes","Anatidae","Branta","bernicla"
"Bucephala albeola","Bucephala albeola","18.7","anAge","Maximum.longevity..yrs.","yrs","Chordata","Aves","Anseriformes","Anatidae","Bucephala","albeola"
"Chen caerulescens","Chen caerulescens","27.5","anAge","Maximum.longevity..yrs.","yrs","Chordata","Aves","Anseriformes","Anatidae","Chen","caerulescens"
"Somateria spectabilis","Somateria spectabilis","18.9","anAge","Maximum.longevity..yrs.","yrs","Chordata","Aves","Anseriformes","Anatidae","Somateria","spectabilis"
"Charadrius melodus","Charadrius melodus","14","anAge","Maximum.longevity..yrs.","yrs","Chordata","Aves","Charadriiformes","Charadriidae","Charadrius","melodus"
"Haematopus palliatus","Haematopus palliatus","17","anAge","Maximum.longevity..yrs.","yrs","Chordata","Aves","Charadriiformes","Haematopodidae","Haematopus","palliatus"
"Larus glaucescens","Larus glaucescens","32","anAge","Maximum.longevity..yrs.","yrs","Chordata","Aves","Charadriiformes","Laridae","Larus","glaucescens"
"Leucophaeus atricilla","Leucophaeus atricilla","22","anAge","Maximum.longevity..yrs.","yrs","Chordata","Aves","Charadriiformes","Laridae","Leucophaeus","atricilla"
"Sterna forsteri","Sterna forsteri","15.8","anAge","Maximum.longevity..yrs.","yrs","Chordata","Aves","Charadriiformes","Laridae","Sterna","forsteri"
"Sternula antillarum","Sternula antillarum","24.1","anAge","Maximum.longevity..yrs.","yrs","Chordata","Aves","Charadriiformes","Laridae","Sternula","antillarum"
"Thalasseus maximus","Thalasseus maximus","28.6","anAge","Maximum.longevity..yrs.","yrs","Chordata","Aves","Charadriiformes","Laridae","Thalasseus","maximus"
"Falcipennis canadensis","Falcipennis canadensis","13","anAge","Maximum.longevity..yrs.","yrs","Chordata","Aves","Galliformes","Phasianidae","Falcipennis","canadensis"
"Grus canadensis","Grus canadensis","36.6","anAge","Maximum.longevity..yrs.","yrs","Chordata","Aves","Gruiformes","Gruidae","Grus","canadensis"
"Sylvia curruca","Sylvia curruca","9","anAge","Maximum.longevity..yrs.","yrs","Chordata","Aves","Passeriformes","Sylviidae","Sylvia","curruca"
"Vireo atricapilla","Vireo atricapilla","12","anAge","Maximum.longevity..yrs.","yrs","Chordata","Aves","Passeriformes","Vireonidae","Vireo","atricapilla"
"Bubo scandiacus","Bubo scandiacus","28","anAge","Maximum.longevity..yrs.","yrs","Chordata","Aves","Strigiformes","Strigidae","Bubo","scandiacus"
"Phalacrocorax auritus","Phalacrocorax auritus","22.5","anAge","Maximum.longevity..yrs.","yrs","Chordata","Aves","Suliformes","Phalacrocoracidae","Phalacrocorax","auritus"
"Phalacrocorax pelagicus","Phalacrocorax pelagicus","17.8","anAge","Maximum.longevity..yrs.","yrs","Chordata","Aves","Suliformes","Phalacrocoracidae","Phalacrocorax","pelagicus"
"Mustelus canis","Mustelus canis","16","anAge","Maximum.longevity..yrs.","yrs","Chordata","Elasmobranchii","Carcharhiniformes","Triakidae","Mustelus","canis"
"Vulpes vulpes","Vulpes vulpes","21.3","anAge","Maximum.longevity..yrs.","yrs","Chordata","Mammalia","Carnivora","Canidae","Vulpes","vulpes"
"Morone saxatilis","Morone saxatilis","30","anAge","Maximum.longevity..yrs.","yrs","Chordata",NA,"Perciformes","Moronidae","Morone","saxatilis"
